,KL divergence,Top5 events recall,Top10 events recall,R2 of Frameshift ratio,Coll_I_Top5,Coll_I_Top10,KLD_IDL,Top5_IDL,Top10_IDL,W1-distance_IDL,delratio_r2,Kendall_tau_IDL,End_date,k1,k2,h,target_cell,N_finetune
0,1.473424654594414,2.7006651884700665,5.006651884700665,0.6990903984813165,2.8869179600886916,5.219512195121951,0.7668310778691041,3.033259423503326,6.201773835920178,0.132437645223475,0.6277048929055487,0.5922566616975231,Sep17-16:56,0.1,0.1,1,BOB,500
1,1.9460118817714789,2.5920177383592016,4.933481152993348,0.30384460708822714,2.800443458980044,5.126385809312638,1.1179212250639738,2.9800443458980044,6.164079822616408,0.16116264081825185,0.5359880953443,0.576409323831413,Sep17-16:57,0.1,0.1,2,BOB,500
2,8.182748707428475,1.5121951219512195,3.620842572062084,0.013245732993932521,1.629711751662971,3.8425720620842574,6.515863251469904,2.2195121951219514,5.385809312638581,0.2734306823501267,0.10464163112864001,0.33210251504615257,Sep17-16:58,0.1,0.1,3,BOB,500
3,11.395324912938205,0.4124168514412417,1.3481152993348116,0.023012249981163198,0.5543237250554324,1.6851441241685143,9.467323501737988,0.8647450110864745,3.5099778270509976,0.3101573503462118,0.011819949529221697,0.165673422727206,Sep17-16:59,0.1,0.1,4,BOB,500
4,11.80908497712036,0.15521064301552107,0.656319290465632,0.02352716727371135,0.34146341463414637,1.048780487804878,9.86057667013096,0.5343680709534369,2.8492239467849223,0.3136551055004864,0.012541904591585927,0.09177369727975208,Sep17-17:0,0.1,0.1,5,BOB,500
5,11.844035987843432,0.08869179600886919,0.4279379157427938,0.02652489848733479,0.28159645232815966,0.8403547671840355,9.911470211059319,0.44124168514412415,2.645232815964523,0.3136942386433838,0.0012501138520160204,0.021015745296315294,Sep17-17:1,0.1,0.1,6,BOB,500
6,11.844795944156774,0.07982261640798226,0.3902439024390244,0.02650108100735991,0.28159645232815966,0.8004434589800443,9.909960229509634,0.43015521064301554,2.6031042128603104,0.3137163911845342,0.005759989277028675,0.007957546919213992,Sep17-17:2,0.1,0.1,7,BOB,500
7,11.844696697533262,0.07982261640798226,0.38802660753880264,0.02655042544382405,0.2860310421286031,0.8004434589800443,9.90982383011033,0.43237250554323725,2.611973392461197,0.31371718776783264,0.0009617297370803673,0.007981572101953249,Sep17-17:3,0.1,0.1,8,BOB,500
8,11.84418923653943,0.07982261640798226,0.38802660753880264,0.026476521782909688,0.2860310421286031,0.802660753880266,9.909096761720914,0.43237250554323725,2.611973392461197,0.3137268742093882,0.00010927182315742184,0.007685923109237012,Sep17-17:4,0.1,0.1,9,BOB,500
9,1.4604556297185416,2.902439024390244,5.396895787139689,0.722041117126714,3.0620842572062084,5.600886917960088,0.7180866171810227,3.2882483370288247,6.745011086474501,0.1296989903242399,0.6706095621295534,0.6236944148759255,Sep17-17:5,0.1,0.5,1,BOB,500
10,1.9114545704982762,2.800443458980044,5.303769401330377,0.2786796640953459,2.9578713968957873,5.505543237250555,1.0547477909747953,3.261640798226164,6.733924611973393,0.15493009633051824,0.5924519398854236,0.6073202245260239,Sep17-17:6,0.1,0.5,2,BOB,500
11,8.12441678665694,1.6341463414634145,3.8492239467849223,0.015187119862277639,1.7427937915742793,4.039911308203991,6.452158466925055,2.4079822616407984,5.82039911308204,0.2688100184609092,0.12770696579778765,0.33866820918755947,Sep17-17:7,0.1,0.5,3,BOB,500
12,11.379111453329116,0.44124168514412415,1.4567627494456763,0.02302058292868051,0.5831485587583148,1.747228381374723,9.451427478724655,0.9068736141906873,3.6430155210643016,0.30980127059731977,0.013561400647332807,0.16719900310353378,Sep17-17:8,0.1,0.5,4,BOB,500
13,11.807452663085414,0.1574279379157428,0.6784922394678492,0.023494850379308877,0.3348115299334812,1.0753880266075388,9.858520883036785,0.5299334811529933,2.902439024390244,0.3136413794454706,0.012448236966145321,0.09165004625255242,Sep17-17:9,0.1,0.5,5,BOB,500
14,11.84410333395533,0.09090909090909091,0.42572062084257206,0.026513460809649527,0.28159645232815966,0.8403547671840355,9.912103479178867,0.44124168514412415,2.645232815964523,0.31369095898829,0.00013186197377644483,0.021018475729889827,Sep17-17:10,0.1,0.5,6,BOB,500
15,11.84469442013362,0.07982261640798226,0.3902439024390244,0.026485225719895287,0.28159645232815966,0.8004434589800443,9.91007980237506,0.43015521064301554,2.6031042128603104,0.3137166898893114,0.00031881310279063135,0.007942627356918124,Sep17-17:11,0.1,0.5,7,BOB,500
16,11.844611455754537,0.07982261640798226,0.38802660753880264,0.026534990657716216,0.2860310421286031,0.8004434589800443,9.909966495469567,0.43237250554323725,2.611973392461197,0.3137172892318217,0.012835398960858545,0.007978419460075629,Sep17-17:12,0.1,0.5,8,BOB,500
17,11.84418157278302,0.07982261640798226,0.38802660753880264,0.0264656465502759,0.2860310421286031,0.802660753880266,9.909228005781332,0.43237250554323725,2.611973392461197,0.31372695805534323,0.003584303611770704,0.007667159881292433,Sep17-17:13,0.1,0.5,9,BOB,500
18,1.5068705816920476,2.858093126385809,5.3503325942350335,0.7035585677893181,2.984478935698448,5.594235033259423,0.7705558718897434,3.248337028824834,6.758314855875832,0.13659312598960202,0.6816646155215887,0.6195459487488342,Sep17-17:14,0.1,0.9,1,BOB,500
19,1.9384477946023455,2.7827050997782705,5.2727272727272725,0.24116968817280623,2.9046563192904657,5.529933481152994,1.0921794265123936,3.2283813747228383,6.745011086474501,0.159243069090888,0.610871862845652,0.6057347758712192,Sep17-17:15,0.1,0.9,2,BOB,500
20,8.106886139085843,1.6097560975609757,3.8314855875831486,0.01642667236468595,1.7161862527716185,4.0266075388026605,6.446129042871041,2.368070953436807,5.824833702882484,0.2687932262663743,0.13853132214353303,0.33993100126297937,Sep17-17:16,0.1,0.9,3,BOB,500
21,11.373047026522672,0.43902439024390244,1.4434589800443458,0.02292236902206624,0.5676274944567627,1.7516629711751663,9.446312791886607,0.8891352549889135,3.631929046563193,0.30975531153708724,0.014168569478503357,0.16794796621545569,Sep17-17:17,0.1,0.9,4,BOB,500
22,11.806857886969912,0.15521064301552107,0.6674057649667405,0.023496280777822145,0.3348115299334812,1.0620842572062084,9.857897780584732,0.5343680709534369,2.891352549889135,0.3136402219022622,0.012453537349384727,0.09168472741336725,Sep17-17:18,0.1,0.9,5,BOB,500
23,11.844104637063527,0.09090909090909091,0.42572062084257206,0.02651356655591704,0.28159645232815966,0.8337028824833703,9.912107861412847,0.44124168514412415,2.6430155210643016,0.3136909107586902,0.008792344725972021,0.020865148431470564,Sep17-17:19,0.1,0.9,6,BOB,500
24,11.844693766200622,0.07982261640798226,0.3902439024390244,0.026485370008007762,0.28159645232815966,0.8004434589800443,9.910080372266016,0.43015521064301554,2.6031042128603104,0.31371668376637035,0.0009106590722493056,0.007942627356918124,Sep17-17:20,0.1,0.9,7,BOB,500
25,11.844605200306539,0.07982261640798226,0.38802660753880264,0.026533975177991758,0.2860310421286031,0.8004434589800443,9.909959271062084,0.43237250554323725,2.611973392461197,0.3137173075480409,0.009913114301385117,0.007981744064237482,Sep17-17:21,0.1,0.9,8,BOB,500
26,11.844179402169527,0.07982261640798226,0.38802660753880264,0.026467942206610934,0.2860310421286031,0.802660753880266,9.909227404881197,0.43237250554323725,2.611973392461197,0.31372692799558133,0.0003505283987588145,0.007667159881292433,Sep17-17:22,0.1,0.9,9,BOB,500
27,1.597620179129149,2.7472283813747227,5.277161862527716,0.6652761254691244,2.8558758314855877,5.5432372505543235,0.8711401393550681,3.2527716186252773,6.767184035476719,0.14661072288069357,0.6860617468964548,0.6143802332445634,Sep17-17:24,0.1,1.3,1,BOB,500
28,2.012097843503476,2.6784922394678494,5.197339246119734,0.19817223039343188,2.7671840354767183,5.465631929046563,1.178555912133782,3.210643015521064,6.758314855875832,0.16714147998932966,0.6205693579499238,0.602179825030717,Sep17-17:25,0.1,1.3,2,BOB,500
29,8.116397513749858,1.5099778270509978,3.7849223946784925,0.017652675740217758,1.5853658536585367,3.964523281596452,6.465934776945806,2.2993348115299335,5.824833702882484,0.2703043792308051,0.1463792876933594,0.3402420936443201,Sep17-17:26,0.1,1.3,3,BOB,500
30,11.371267940543444,0.4146341463414634,1.4124168514412416,0.02280757350473492,0.5365853658536586,1.7006651884700665,9.445523486883117,0.8736141906873615,3.614190687361419,0.3098275285920411,0.01460440336216342,0.168343582563545,Sep17-17:27,0.1,1.3,4,BOB,500
31,11.806623431637123,0.14855875831485588,0.6518847006651884,0.023497133943155946,0.3259423503325942,1.048780487804878,9.857672839829439,0.5254988913525499,2.893569844789357,0.3136398117333,0.012456207656544762,0.09169857868449145,Sep17-17:28,0.1,1.3,5,BOB,500
32,11.84410447265515,0.09090909090909091,0.4279379157427938,0.026513561595629332,0.28159645232815966,0.8381374722838137,9.912107877719436,0.44124168514412415,2.6407982261640797,0.31369090954324763,0.007017913765158676,0.020863084772846482,Sep17-17:29,0.1,1.3,6,BOB,500
33,11.844693686375333,0.07982261640798226,0.3902439024390244,0.0264853108354274,0.28159645232815966,0.8004434589800443,9.910080019531005,0.43015521064301554,2.6031042128603104,0.31371668435914496,0.0021208812372397554,0.007942627356918124,Sep17-17:30,0.1,1.3,7,BOB,500
34,11.844605978470948,0.07982261640798226,0.38802660753880264,0.026534310832021877,0.2860310421286031,0.8004434589800443,9.90995984907,0.43237250554323725,2.611973392461197,0.313717303207343,8.279244230294128e-05,0.007981744064237482,Sep17-17:31,0.1,1.3,8,BOB,500
35,11.844181356567502,0.07982261640798226,0.38802660753880264,0.02646772417322685,0.2860310421286031,0.802660753880266,9.909227971593545,0.43237250554323725,2.611973392461197,0.3137269340890094,0.00023924726662412037,0.007667159881292433,Sep17-17:32,0.1,1.3,9,BOB,500
36,1.6981868254404904,2.6740576496674056,5.261640798226164,0.6252878845174957,2.7827050997782705,5.527716186252771,0.9798240321498655,3.254988913525499,6.767184035476719,0.15627575332186347,0.6873710930447807,0.6106326442381861,Sep17-17:33,0.1,1.7,1,BOB,500
37,2.0972111724862237,2.614190687361419,5.170731707317073,0.16455334680834027,2.6984478935698446,5.452328159645233,1.2740000566976457,3.2084257206208426,6.760532150776053,0.17506795318437343,0.6256614758020089,0.599370876774959,Sep17-17:34,0.1,1.7,2,BOB,500
38,8.135907980726987,1.4434589800443458,3.778270509977827,0.01859971305698822,1.523281596452328,3.9356984478935697,6.493226282726059,2.292682926829268,5.829268292682927,0.2724814691620467,0.15225618822076523,0.3404457760160099,Sep17-17:35,0.1,1.7,3,BOB,500
39,11.37120504720248,0.3991130820399113,1.401330376940133,0.022714923975827167,0.5210643015521065,1.6984478935698448,9.446244132710872,0.8647450110864745,3.614190687361419,0.31002918422185755,0.01502407952117983,0.16849626700181095,Sep17-17:36,0.1,1.7,4,BOB,500
40,11.806496431187886,0.14634146341463414,0.647450110864745,0.023497830571427753,0.3237250554323725,1.042128603104213,9.857564823742427,0.5210643015521065,2.893569844789357,0.3136395604984939,0.012461015031011251,0.0917054044924743,Sep17-17:37,0.1,1.7,5,BOB,500
41,11.844104446222936,0.09090909090909091,0.42572062084257206,0.026513589842873896,0.28159645232815966,0.835920177383592,9.912107786443796,0.43902439024390244,2.6407982261640797,0.31369090922246723,0.002797477401537165,0.020863564693456734,Sep17-17:38,0.1,1.7,6,BOB,500
42,11.84469368373211,0.07982261640798226,0.3902439024390244,0.026485368231527643,0.28159645232815966,0.8004434589800443,9.910080023264394,0.43015521064301554,2.6031042128603104,0.3137166837370428,0.0003044596790810468,0.007942627356918124,Sep17-17:39,0.1,1.7,7,BOB,500
43,11.844605976885015,0.07982261640798226,0.38802660753880264,0.02653431087107304,0.2860310421286031,0.8004434589800443,9.909959834817123,0.43237250554323725,2.611973392461197,0.31371730318888247,5.94092212786341e-05,0.007981744064237482,Sep17-17:40,0.1,1.7,8,BOB,500
44,11.844181356038858,0.07982261640798226,0.38802660753880264,0.02646772411188248,0.2860310421286031,0.802660753880266,9.90922796699513,0.43237250554323725,2.611973392461197,0.3137269340826975,0.00028800304886940044,0.007667159881292433,Sep17-17:41,0.1,1.7,9,BOB,500
45,1.4414683511179196,2.7339246119733924,5.117516629711751,0.6934676994018244,2.929046563192905,5.339246119733924,0.7529639913754123,3.0554323725055434,6.334811529933481,0.13206333903625225,0.6207689640723887,0.5979022391954859,Sep17-17:42,0.5,0.1,1,BOB,500
46,1.928891569409032,2.6186252771618626,5.0266075388026605,0.29541249447414697,2.8403547671840355,5.259423503325943,1.113670989591767,2.997782705099778,6.314855875831485,0.16185609337371604,0.5274857464900365,0.5801517260121745,Sep17-17:43,0.5,0.1,2,BOB,500
47,8.191507252647712,1.5388026607538803,3.645232815964523,0.013229256033336826,1.6385809312638582,3.895787139689579,6.525706582822111,2.2195121951219514,5.476718403547672,0.27401922796741385,0.10242829200138731,0.33192327958644186,Sep17-17:44,0.5,0.1,3,BOB,500
48,11.398348304523598,0.4035476718403548,1.3503325942350333,0.022922318468450963,0.5587583148558758,1.6784922394678492,9.470266474052897,0.8603104212860311,3.5277161862527717,0.31018064174127946,0.011610137928321185,0.16545335406753997,Sep17-17:45,0.5,0.1,4,BOB,500
49,11.809594433746422,0.15077605321507762,0.6607538802660754,0.02353368193639238,0.3392461197339246,1.0465631929046564,9.861237983861177,0.532150776053215,2.8536585365853657,0.31366196960177234,0.012555990824486855,0.0917825532558757,Sep17-17:46,0.5,0.1,5,BOB,500
50,11.844025654433308,0.08869179600886919,0.4279379157427938,0.026527112742211957,0.28159645232815966,0.8425720620842572,9.911373298459974,0.44124168514412415,2.6430155210643016,0.3136950077215507,0.0029908595507897855,0.02101555345864085,Sep17-17:47,0.5,0.1,6,BOB,500
51,11.84479121120436,0.07982261640798226,0.3902439024390244,0.026501889153556227,0.28159645232815966,0.8004434589800443,9.909953223740786,0.43015521064301554,2.6031042128603104,0.31371645830826617,0.00028125456148881864,0.007942347964365765,Sep17-17:48,0.5,0.1,7,BOB,500
52,11.844943633629319,0.07982261640798226,0.38802660753880264,0.02655205621896448,0.2860310421286031,0.8004434589800443,9.910202238170358,0.43237250554323725,2.611973392461197,0.3137142003114711,0.00010054319874123423,0.007977903573222927,Sep17-17:49,0.5,0.1,8,BOB,500
53,11.8442694572546,0.07982261640798226,0.38802660753880264,0.026482868872518533,0.2860310421286031,0.802660753880266,9.909091684443084,0.43237250554323725,2.611973392461197,0.31372687914520686,5.8018039058443504e-05,0.00766698774158652,Sep17-17:50,0.5,0.1,9,BOB,500
54,1.4368007263693208,2.895787139689579,5.390243902439025,0.712118473449359,3.0310421286031044,5.598669623059867,0.7124280956858771,3.3015521064301554,6.771618625277162,0.12923783682253778,0.6692536851448613,0.6236064000889219,Sep17-17:51,0.5,0.5,1,BOB,500
55,1.8998069313340336,2.7937915742793793,5.277161862527716,0.26299512019639015,2.942350332594235,5.4855875831485585,1.0568544356397214,3.279379157427938,6.740576496674057,0.15523501334219414,0.5908448523841006,0.6069244132945772,Sep17-17:52,0.5,0.5,2,BOB,500
56,8.13074291015081,1.6319290465631928,3.8248337028824833,0.015448536922615655,1.7494456762749446,4.042128603104213,6.461371135706447,2.4079822616407984,5.807095343680709,0.2690810014354083,0.12806788890327084,0.3383248437866562,Sep17-17:53,0.5,0.5,3,BOB,500
57,11.381122803113149,0.43458980044345896,1.4301552106430155,0.022912415107798997,0.5676274944567627,1.747228381374723,9.453575513949387,0.8957871396895787,3.6297117516629713,0.30980005328097315,0.013422663259189269,0.16688355957365314,Sep17-17:54,0.5,0.5,4,BOB,500
58,11.807877671956488,0.1574279379157428,0.6718403547671841,0.023500729703687544,0.3325942350332594,1.06430155210643,9.859129277651505,0.5277161862527716,2.9002217294900223,0.3136494622241492,0.012447109424592732,0.0916401622900706,Sep17-17:55,0.5,0.5,5,BOB,500
59,11.84408883535677,0.09090909090909091,0.43015521064301554,0.026515843501206966,0.28159645232815966,0.8403547671840355,9.912028717749452,0.44124168514412415,2.647450110864745,0.31369148166863964,0.0027185494752923933,0.02102504942352587,Sep17-17:56,0.5,0.5,6,BOB,500
60,11.844723011331917,0.07982261640798226,0.3902439024390244,0.02648603126264711,0.28159645232815966,0.8004434589800443,9.910127680071167,0.43015521064301554,2.6031042128603104,0.3137163660063981,0.00024282378793544853,0.007954585358159006,Sep17-17:57,0.5,0.5,7,BOB,500
61,11.844853206907302,0.07982261640798226,0.38802660753880264,0.026537700387365786,0.2860310421286031,0.8004434589800443,9.910299549011878,0.43237250554323725,2.611973392461197,0.31371549481170813,0.011452823305022626,0.007978132856268572,Sep17-17:58,0.5,0.5,8,BOB,500
62,11.84423685628929,0.07982261640798226,0.38802660753880264,0.02646492729563471,0.2860310421286031,0.802660753880266,9.90922469501661,0.43237250554323725,2.611973392461197,0.3137270127708916,0.00037337333992224436,0.0076828245945305676,Sep17-17:59,0.5,0.5,9,BOB,500
63,1.5227071091763988,2.764966740576497,5.279379157427938,0.6775977684312618,2.893569844789357,5.5388026607538805,0.8027009632373172,3.2305986696230597,6.747228381374723,0.1393395728967113,0.681823770125548,0.6161767561397117,Sep17-18:1,0.5,0.9,1,BOB,500
64,1.9602339905903503,2.7028824833702885,5.177383592017739,0.2132724549805832,2.802660753880266,5.452328159645233,1.1274169713678632,3.188470066518847,6.733924611973393,0.16209501502942536,0.6122161402295214,0.6026312669824987,Sep17-18:2,0.5,0.9,2,BOB,500
65,8.12043696400728,1.5321507760532151,3.762749445676275,0.017063821817534474,1.6252771618625277,3.9445676274944566,6.464850352513754,2.303769401330377,5.800443458980045,0.26955417096137363,0.14117460766395798,0.33934660114887477,Sep17-18:3,0.5,0.9,3,BOB,500
66,11.374957197785642,0.41019955654101997,1.4124168514412416,0.02279096142251745,0.5365853658536586,1.7250554323725056,9.448734094074723,0.8580931263858093,3.614190687361419,0.30977058904983185,0.014135196351007925,0.16776774177340073,Sep17-18:4,0.5,0.9,4,BOB,500
67,11.807259100503774,0.15077605321507762,0.6518847006651884,0.023502227107326683,0.328159645232816,1.0465631929046564,9.858485713158908,0.5254988913525499,2.8891352549889135,0.31364824826425414,0.012453279947788203,0.09166938131422346,Sep17-18:5,0.5,0.9,5,BOB,500
68,11.84409029494368,0.09090909090909091,0.42350332594235035,0.026515942435667933,0.28159645232815966,0.835920177383592,9.912033323556317,0.44124168514412415,2.6430155210643016,0.3136914330922958,0.007486586027641753,0.021026871881433103,Sep17-18:6,0.5,0.9,6,BOB,500
69,11.8447229574102,0.07982261640798226,0.3902439024390244,0.026486088558416804,0.28159645232815966,0.8004434589800443,9.910128307719312,0.43015521064301554,2.6031042128603104,0.3137163609554264,8.37727813366651e-06,0.007954585358159006,Sep17-18:7,0.5,0.9,7,BOB,500
70,11.844852685664023,0.07982261640798226,0.38802660753880264,0.0265375971641081,0.2860310421286031,0.8004434589800443,9.910296298497096,0.43237250554323725,2.611973392461197,0.31371550594220254,0.0002772002658899868,0.007978132856268572,Sep17-18:8,0.5,0.9,8,BOB,500
71,11.844239976347946,0.07982261640798226,0.38802660753880264,0.0264687758315443,0.2860310421286031,0.802660753880266,9.90922802129931,0.43237250554323725,2.611973392461197,0.3137269705408726,0.00030191118773895354,0.0076828245945305676,Sep17-18:9,0.5,0.9,9,BOB,500
72,1.6521616607177547,2.638580931263858,5.232815964523281,0.6250837246870231,2.738359201773836,5.496674057649668,0.9406404726817985,3.2172949002217295,6.738359201773836,0.15212179915370225,0.6862972887415717,0.6100292793578759,Sep17-18:10,0.5,1.3,1,BOB,500
73,2.0671118556990593,2.5720620842572064,5.121951219512195,0.16509772078031557,2.662971175166297,5.419068736141907,1.246665446140325,3.1685144124168514,6.725055432372505,0.17223151683361693,0.6226862445654776,0.5981813468505776,Sep17-18:11,0.5,1.3,2,BOB,500
74,8.138785738374072,1.434589800443459,3.731707317073171,0.018434862178879793,1.5099778270509978,3.9002217294900223,6.495109631556839,2.2572062084257207,5.796008869179601,0.2718889762641343,0.15037293636365603,0.33967327088877286,Sep17-18:12,0.5,1.3,3,BOB,500
75,11.373369098436541,0.3968957871396896,1.376940133037694,0.022663755307116416,0.5210643015521065,1.680709534368071,9.448510628036695,0.8603104212860311,3.6164079822616406,0.3099120644676488,0.014680242387669998,0.16825241328346824,Sep17-18:13,0.5,1.3,4,BOB,500
76,11.807011535849645,0.14634146341463414,0.6430155210643016,0.0235032182455177,0.3215077605321508,1.042128603104213,9.8582521148242,0.5232815964523282,2.8891352549889135,0.3136477682770656,0.012457601557721631,0.09168557744700276,Sep17-18:14,0.5,1.3,5,BOB,500
77,11.844090142694123,0.09090909090909091,0.42350332594235035,0.02651595026819237,0.28159645232815966,0.8337028824833703,9.912033309197373,0.44124168514412415,2.6407982261640797,0.3136914325135846,0.0019641520930387154,0.02102759127271227,Sep17-18:15,0.5,1.3,6,BOB,500
78,11.844722985428348,0.07982261640798226,0.3902439024390244,0.026486142037711637,0.28159645232815966,0.8004434589800443,9.91012803028381,0.43015521064301554,2.6031042128603104,0.3137163621672722,0.0004065012968568882,0.007954585358159006,Sep17-18:16,0.5,1.3,7,BOB,500
79,11.844852897121742,0.07982261640798226,0.38802660753880264,0.026537580496078576,0.2860310421286031,0.8004434589800443,9.910296198031979,0.43237250554323725,2.611973392461197,0.3137155062084017,0.000420838392831017,0.007978132856268572,Sep17-18:17,0.5,1.3,8,BOB,500
80,11.84423996313184,0.07982261640798226,0.38802660753880264,0.0264687769090962,0.2860310421286031,0.802660753880266,9.909228008950985,0.43237250554323725,2.611973392461197,0.3137269705263129,0.0016720241018170334,0.0076828245945305676,Sep17-18:18,0.5,1.3,9,BOB,500
81,1.7836225442175326,2.57649667405765,5.223946784922394,0.578457877003425,2.6873614190687363,5.483370288248337,1.0792810825652623,3.2150776053215075,6.745011086474501,0.16369192259261695,0.6871110835754052,0.6054251519441757,Sep17-18:19,0.5,1.7,1,BOB,500
82,2.1787821140858923,2.5210643015521064,5.1086474501108645,0.13145393584824322,2.6186252771618626,5.41019955654102,1.3683952136095316,3.164079822616408,6.7317073170731705,0.18173234059215768,0.6275891795119967,0.5945888116804191,Sep17-18:20,0.5,1.7,2,BOB,500
83,8.165996117694943,1.3791574279379157,3.7117516629711753,0.019385654219796333,1.4567627494456763,3.8869179600886916,6.53107484267722,2.2439024390243905,5.800443458980045,0.2744952311053165,0.15699941031400852,0.3398752502588069,Sep17-18:21,0.5,1.7,3,BOB,500
84,11.373557822336908,0.37472283813747226,1.3680709534368072,0.02256746846477066,0.5011086474501109,1.6740576496674058,9.449797764230475,0.8536585365853658,3.623059866962306,0.3101803114541564,0.015216596299770579,0.1683596444044231,Sep17-18:22,0.5,1.7,4,BOB,500
85,11.806873987889343,0.14412416851441243,0.6385809312638581,0.02350410406152318,0.3215077605321508,1.039911308203991,9.858138648552806,0.516629711751663,2.8891352549889135,0.3136474836660274,0.012464654201891126,0.0916925243169414,Sep17-18:23,0.5,1.7,5,BOB,500
86,11.844090115204619,0.08647450110864745,0.42350332594235035,0.026515949461903165,0.2771618625277162,0.8337028824833703,9.91203320155953,0.43902439024390244,2.6407982261640797,0.31369143265529803,0.006525327408706375,0.021028214745154216,Sep17-18:24,0.5,1.7,6,BOB,500
87,11.844722984899702,0.07982261640798226,0.3902439024390244,0.026486142478178352,0.28159645232815966,0.8004434589800443,9.910128022474568,0.43015521064301554,2.6031042128603104,0.313716362152487,0.0014630260638124613,0.007954585358159006,Sep17-18:25,0.5,1.7,7,BOB,500
88,11.844852877561904,0.07982261640798226,0.38802660753880264,0.026537578820689862,0.2860310421286031,0.8004434589800443,9.910296164188226,0.43237250554323725,2.611973392461197,0.3137155061578045,3.7433782299943033e-06,0.007978132856268572,Sep17-18:26,0.5,1.7,8,BOB,500
89,11.84423996313184,0.07982261640798226,0.38802660753880264,0.02646877670434139,0.2860310421286031,0.802660753880266,9.909227992403103,0.43237250554323725,2.611973392461197,0.3137269705109372,0.0036209425728504162,0.0076828245945305676,Sep17-18:27,0.5,1.7,9,BOB,500
90,1.4343985610717944,2.7427937915742793,5.168514412416852,0.689630756796285,2.929046563192905,5.390243902439025,0.7479123123694729,3.0687361419068737,6.392461197339246,0.131952673080303,0.621176931398603,0.6006220170502431,Sep17-18:28,0.9,0.1,1,BOB,500
91,1.9274634837674725,2.625277161862528,5.07760532150776,0.2872946613313478,2.8403547671840355,5.308203991130821,1.1125862998054796,3.015521064301552,6.376940133037694,0.1620817684913272,0.527761791876629,0.5822482516759703,Sep17-18:29,0.9,0.1,2,BOB,500
92,8.193070249685691,1.5476718403547671,3.662971175166297,0.013426347879613176,1.647450110864745,3.909090909090909,6.526748270314225,2.223946784922395,5.547671840354767,0.27415571150354845,0.10280366169472674,0.33211675433393284,Sep17-18:30,0.9,0.1,3,BOB,500
93,11.398700643339073,0.3991130820399113,1.3569844789356984,0.022891502299152794,0.5543237250554324,1.680709534368071,9.470570293007958,0.8558758314855875,3.532150776053215,0.31019226946752476,0.011576777909995048,0.16515247422136867,Sep17-18:31,0.9,0.1,4,BOB,500
94,11.809738859897706,0.14855875831485588,0.6651884700665188,0.023533619790962704,0.3392461197339246,1.0509977827050998,9.861390929912197,0.5277161862527716,2.8558758314855877,0.3136645021448379,0.01249115035952104,0.09180948721123643,Sep17-18:32,0.9,0.1,5,BOB,500
95,11.844006810378605,0.09090909090909091,0.4279379157427938,0.02652675754838801,0.28159645232815966,0.8425720620842572,9.911318632020802,0.44124168514412415,2.6407982261640797,0.3136952260252402,0.0029595109782582546,0.021017739681802018,Sep17-18:33,0.9,0.1,6,BOB,500
96,11.844766984493399,0.07982261640798226,0.3902439024390244,0.02650112722713779,0.28159645232815966,0.8004434589800443,9.909915199996991,0.43015521064301554,2.6031042128603104,0.31371648144495584,6.757468937377563e-05,0.007954334327541208,Sep17-18:34,0.9,0.1,7,BOB,500
97,11.844930190204781,0.07982261640798226,0.38802660753880264,0.026552635468691993,0.2860310421286031,0.8004434589800443,9.910180409767557,0.43237250554323725,2.611973392461197,0.3137142217040229,0.002400129212051225,0.007977903573222927,Sep17-18:35,0.9,0.1,8,BOB,500
98,11.844386499102523,0.07982261640798226,0.38802660753880264,0.02648414568465145,0.2860310421286031,0.802660753880266,9.909071738280876,0.43237250554323725,2.611973392461197,0.31372687854949577,0.0027085254240526305,0.007682652454824654,Sep17-18:36,0.9,0.1,9,BOB,500
99,1.4425475106237997,2.8669623059866964,5.365853658536586,0.7025461346416312,3.015521064301552,5.574279379157428,0.7205030525992211,3.2882483370288247,6.776053215077606,0.13023905405692118,0.6709508379068707,0.6225641034502193,Sep17-18:37,0.9,0.5,1,BOB,500
100,1.9084422350788857,2.778270509977827,5.2727272727272725,0.24804045409797162,2.917960088691796,5.496674057649668,1.0668768488873905,3.2439024390243905,6.751662971175167,0.1561954096691715,0.5934990175244697,0.6061700392270387,Sep17-18:38,0.9,0.5,2,BOB,500
101,8.132609617402839,1.6208425720620843,3.813747228381375,0.015878092428894493,1.7272727272727273,4.048780487804878,6.464360551879254,2.374722838137472,5.818181818181818,0.26926945585019696,0.13001576511659063,0.33837772233988866,Sep17-18:39,0.9,0.5,3,BOB,500
102,11.380902621605973,0.4279379157427938,1.4212860310421287,0.022863242382308666,0.5631929046563193,1.7361419068736141,9.453537038589376,0.8802660753880266,3.614190687361419,0.30980031278251025,0.013424022398878237,0.16680428363332578,Sep17-18:40,0.9,0.5,4,BOB,500
103,11.807977758067146,0.1574279379157428,0.6607538802660754,0.023500491907960892,0.3348115299334812,1.0509977827050998,9.859246131597931,0.5343680709534369,2.895787139689579,0.3136524432939235,0.012391928944081696,0.09165133549654617,Sep17-18:41,0.9,0.5,5,BOB,500
104,11.84406614330021,0.09090909090909091,0.42572062084257206,0.026515352112778574,0.28159645232815966,0.8381374722838137,9.911976215605982,0.44124168514412415,2.647450110864745,0.31369165280242184,5.109320100194935e-05,0.021040828072248968,Sep17-18:42,0.9,0.5,6,BOB,500
105,11.844707300023336,0.07982261640798226,0.3902439024390244,0.026485125739035883,0.28159645232815966,0.8004434589800443,9.910098850395217,0.43015521064301554,2.6031042128603104,0.31371638731067336,0.002926744946675545,0.007942627356918124,Sep17-18:43,0.9,0.5,7,BOB,500
106,11.844837191099602,0.07982261640798226,0.38802660753880264,0.02653620538512357,0.2860310421286031,0.8004434589800443,9.910277354177449,0.43237250554323725,2.611973392461197,0.3137155210701329,0.00297174744943531,0.007978132856268572,Sep17-18:44,0.9,0.5,8,BOB,500
107,11.844240039256619,0.07982261640798226,0.38802660753880264,0.026466691801900248,0.2860310421286031,0.802660753880266,9.909199283116685,0.43237250554323725,2.611973392461197,0.31372701958780297,0.0017602003960977524,0.007682881974432539,Sep17-18:45,0.9,0.5,9,BOB,500
108,1.5596534220580252,2.7117516629711753,5.261640798226164,0.6549396847619173,2.835920177383592,5.507760532150776,0.8411347550094204,3.212860310421286,6.733924611973393,0.14293801933394296,0.6834156748932531,0.6134336913191718,Sep17-18:46,0.9,0.9,1,BOB,500
109,1.9953267808235404,2.6430155210643016,5.146341463414634,0.19052120614727042,2.745011086474501,5.423503325942351,1.1639942842232656,3.16629711751663,6.7272727272727275,0.1652195098531292,0.6156323057948863,0.6004069115982809,Sep17-18:47,0.9,0.9,2,BOB,500
110,8.128299248456427,1.498891352549889,3.731707317073171,0.017706676407236506,1.58980044345898,3.917960088691796,6.475660176931224,2.261640798226164,5.7849223946784925,0.2702782702975138,0.14449984632494867,0.3392486738402018,Sep17-18:48,0.9,0.9,3,BOB,500
111,11.374689599362815,0.3991130820399113,1.4035476718403548,0.02272216747132467,0.532150776053215,1.6984478935698448,9.44896237137693,0.8580931263858093,3.614190687361419,0.3097941049849761,0.014195599150280609,0.16768120661239297,Sep17-18:49,0.9,0.9,4,BOB,500
112,11.807339772681175,0.14855875831485588,0.6452328159645233,0.023502074328835804,0.328159645232816,1.0354767184035476,9.858585799450692,0.5232815964523282,2.8869179600886916,0.3136511486125632,0.012398187333358283,0.09167772280921686,Sep17-18:50,0.9,0.9,5,BOB,500
113,11.844066384890656,0.09090909090909091,0.42350332594235035,0.02651546840003528,0.28159645232815966,0.8337028824833703,9.911977988796195,0.44124168514412415,2.6430155210643016,0.3136916283929604,0.003680932202338671,0.02102653616550282,Sep17-18:51,0.9,0.9,6,BOB,500
114,11.844707050503226,0.07982261640798226,0.3902439024390244,0.026485356013170643,0.28159645232815966,0.8004434589800443,9.910098878935464,0.43015521064301554,2.6031042128603104,0.31371638305041766,0.0015421823559077295,0.007942627356918124,Sep17-18:52,0.9,0.9,7,BOB,500
115,11.844837455421752,0.07982261640798226,0.38802660753880264,0.026535167296118888,0.2860310421286031,0.8004434589800443,9.910272364832107,0.43237250554323725,2.611973392461197,0.3137155410731694,0.002316576669500648,0.007978132856268572,Sep17-18:54,0.9,0.9,8,BOB,500
116,11.84423981934059,0.07982261640798226,0.38802660753880264,0.02646292701681407,0.2860310421286031,0.802660753880266,9.909199649696143,0.43237250554323725,2.611973392461197,0.3137270504701305,1.3521434982508063e-05,0.007682881974432539,Sep17-18:55,0.9,0.9,9,BOB,500
117,1.7175533861549626,2.5609756097560976,5.206208425720621,0.5934345566630203,2.662971175166297,5.4611973392461195,1.0069499503711834,3.199556541019956,6.729490022172949,0.15769209327447187,0.6870840119692805,0.6064162656326956,Sep17-18:56,0.9,1.3,1,BOB,500
118,2.1265421986844215,2.5011086474501107,5.0798226164079825,0.140754537869775,2.587583148558758,5.383592017738359,1.3076582011518045,3.155210643015521,6.720620842572062,0.17697625870065453,0.6256270696903723,0.5951390048794816,Sep17-18:57,0.9,1.3,2,BOB,500
119,8.153292646495307,1.3924611973392462,3.669623059866962,0.0191078102875839,1.4678492239467849,3.8625277161862526,6.513783105066192,2.237250554323725,5.787139689578714,0.2731563365574141,0.15436244719981196,0.33959367844446614,Sep17-18:58,0.9,1.3,3,BOB,500
120,11.373263932252407,0.376940133037694,1.3658536585365855,0.022586397370295833,0.5099778270509978,1.6696230598669624,9.449195942825147,0.8647450110864745,3.6075388026607538,0.30999036105100347,0.014804609603797089,0.16808633861518538,Sep17-18:59,0.9,1.3,4,BOB,500
121,11.807079184346083,0.14634146341463414,0.6407982261640798,0.023503208451892993,0.3215077605321508,1.039911308203991,9.858343549292641,0.5188470066518847,2.8869179600886916,0.31365059776956333,0.012403926377763812,0.09169248093073572,Sep17-19:0,0.9,1.3,5,BOB,500
122,11.844066259073312,0.08869179600886919,0.42350332594235035,0.026515527583250136,0.2793791574279379,0.8337028824833703,9.911977996211208,0.43902439024390244,2.6407982261640797,0.31369162676966217,0.00573903988874761,0.021027831069805325,Sep17-19:1,0.9,1.3,6,BOB,500
123,11.844707182664301,0.07982261640798226,0.3902439024390244,0.02648530231659366,0.28159645232815966,0.8004434589800443,9.910098732405293,0.43015521064301554,2.6031042128603104,0.313716384100225,0.0006213524140076243,0.007942627356918124,Sep17-19:2,0.9,1.3,7,BOB,500
124,11.84483844504388,0.07982261640798226,0.38802660753880264,0.02653586589345998,0.2860310421286031,0.8004434589800443,9.910273654769346,0.43237250554323725,2.611973392461197,0.31371553172875677,0.0040206924219590694,0.007978132856268572,Sep17-19:3,0.9,1.3,8,BOB,500
125,11.84423867482568,0.07982261640798226,0.38802660753880264,0.026463012099077005,0.2860310421286031,0.802660753880266,9.909199579126373,0.43237250554323725,2.611973392461197,0.31372704894842035,0.0015563742247340377,0.007682881974432539,Sep17-19:4,0.9,1.3,9,BOB,500
126,1.8706744918207372,2.507760532150776,5.199556541019955,0.5435818428311805,2.6075388026607538,5.4567627494456765,1.1670073129394207,3.199556541019956,6.729490022172949,0.170689299415452,0.686857544901822,0.601147875168502,Sep17-19:5,0.9,1.7,1,BOB,500
127,2.2568021482414258,2.436807095343681,5.082039911308204,0.10846682224641599,2.52549889135255,5.376940133037694,1.4481466482138223,3.152993348115299,6.720620842572062,0.18771031281246578,0.6295974464270001,0.5909239565738251,Sep17-19:6,0.9,1.7,2,BOB,500
128,8.18606562519285,1.3237250554323725,3.6541019955654104,0.020014482204996905,1.41019955654102,3.8492239467849223,6.556024327560089,2.2328159645232817,5.787139689578714,0.27613346977653336,0.1612517362781825,0.33973029684371314,Sep17-19:7,0.9,1.7,3,BOB,500
129,11.373658691898418,0.36585365853658536,1.3680709534368072,0.022489508716039112,0.49223946784922396,1.6674057649667406,9.450926400920132,0.8514412416851441,3.6164079822616406,0.3103134366230645,0.015415653688069223,0.16819570309213144,Sep17-19:8,0.9,1.7,4,BOB,500
130,11.806930696092001,0.14412416851441243,0.6363636363636364,0.023504253313164025,0.3215077605321508,1.0354767184035476,9.858223856558546,0.5188470066518847,2.8869179600886916,0.31365028596579975,0.012412880940088118,0.09169967291202563,Sep17-19:9,0.9,1.7,5,BOB,500
131,11.844066250086358,0.08647450110864745,0.42350332594235035,0.026515525674772236,0.2771618625277162,0.8337028824833703,9.91197798129082,0.43902439024390244,2.6407982261640797,0.31369162670316963,0.004201899963265549,0.021028310663991436,Sep17-19:10,0.9,1.7,6,BOB,500
132,11.844707158346662,0.07982261640798226,0.3902439024390244,0.026485339103110638,0.28159645232815966,0.8004434589800443,9.910098808279463,0.43015521064301554,2.6031042128603104,0.31371638299287474,5.067506193239203e-06,0.007942627356918124,Sep17-19:11,0.9,1.7,7,BOB,500
133,11.844838446629813,0.07982261640798226,0.38802660753880264,0.02653586577069118,0.2860310421286031,0.8004434589800443,9.910273646393174,0.43237250554323725,2.611973392461197,0.31371553171121785,0.002149984453408682,0.007978132856268572,Sep17-19:12,0.9,1.7,8,BOB,500
134,11.844238670596527,0.07982261640798226,0.38802660753880264,0.026463012344307025,0.2860310421286031,0.802660753880266,9.909199582662602,0.43237250554323725,2.611973392461197,0.31372704895477577,0.0015912510071291724,0.007682881974432539,Sep17-19:13,0.9,1.7,9,BOB,500
135,1.4301536512084123,2.7494456762749446,5.17960088691796,0.6873471798260199,2.9445676274944566,5.421286031042128,0.7446084164266171,3.079822616407982,6.467849223946785,0.13178744922018143,0.6223225161611343,0.6022743300684263,Sep17-19:14,1.3,0.1,1,BOB,500
136,1.9265146596138334,2.6430155210643016,5.093126385809312,0.28169374525322277,2.8536585365853657,5.3503325942350335,1.1116647418505456,3.0044345898004434,6.443458980044346,0.16209551179787388,0.5289706979209398,0.5836050768825187,Sep17-19:15,1.3,0.1,2,BOB,500
137,8.192546447999197,1.5432372505543237,3.6607538802660753,0.01357504358760341,1.6430155210643016,3.915742793791574,6.526172762622844,2.2261640798226163,5.576496674057649,0.27415387584927314,0.10336236417377606,0.3322871525375943,Sep17-19:16,1.3,0.1,3,BOB,500
138,11.398548582936337,0.3968957871396896,1.3680709534368072,0.02287513615925391,0.5521064301552107,1.6851441241685143,9.470455720311815,0.8580931263858093,3.529933481152993,0.31019471314870084,0.01157179613803879,0.16524156881179475,Sep17-19:17,1.3,0.1,4,BOB,500
139,11.809799293985387,0.14855875831485588,0.6651884700665188,0.02353325477447031,0.3392461197339246,1.0532150776053215,9.861447597860566,0.5277161862527716,2.8558758314855877,0.31366568167544395,0.012480501676271863,0.09180906367985618,Sep17-19:18,1.3,0.1,5,BOB,500
140,11.843995578273173,0.09090909090909091,0.42572062084257206,0.026526431731748717,0.28159645232815966,0.8425720620842572,9.911296442934004,0.4434589800443459,2.6407982261640797,0.3136952657987231,0.0008588745185045838,0.021018910617943636,Sep17-19:19,1.3,0.1,6,BOB,500
141,11.844768583642406,0.07982261640798226,0.3902439024390244,0.026500584424704373,0.28159645232815966,0.8004434589800443,9.909918624472976,0.43015521064301554,2.6031042128603104,0.31371648917472333,6.37547955836037e-05,0.007942403842876238,Sep17-19:20,1.3,0.1,7,BOB,500
142,11.84494330058341,0.07982261640798226,0.38802660753880264,0.026551997998337344,0.2860310421286031,0.8004434589800443,9.910173329790515,0.43237250554323725,2.611973392461197,0.3137142227223366,0.0011871246436504675,0.007962369646880468,Sep17-19:21,1.3,0.1,8,BOB,500
143,11.84430389895936,0.07982261640798226,0.38802660753880264,0.026483372883966686,0.2860310421286031,0.802660753880266,9.909057573174648,0.43237250554323725,2.611973392461197,0.31372696663758226,0.0008636828147096063,0.007682652454824654,Sep17-19:22,1.3,0.1,9,BOB,500
144,1.4496177295821733,2.8492239467849223,5.363636363636363,0.6954287609985715,2.9800443458980044,5.596452328159645,0.7288585280107586,3.2838137472283813,6.778270509977827,0.13112274230320387,0.6723756021296727,0.6216606686144014,Sep17-19:23,1.3,0.5,1,BOB,500
145,1.9166335893542963,2.7671840354767183,5.254988913525499,0.23757514375840869,2.88470066518847,5.496674057649668,1.0759458996271984,3.246119733924612,6.745011086474501,0.15696647410580375,0.5958121497077596,0.6055272759718439,Sep17-19:24,1.3,0.5,2,BOB,500
146,8.132961066939481,1.6097560975609757,3.796008869179601,0.016179406503853955,1.7139689578713968,4.031042128603104,6.465905345586311,2.376940133037694,5.840354767184036,0.26938296151785973,0.1316304018704093,0.33844061242001,Sep17-19:25,1.3,0.5,3,BOB,500
147,11.380399107668723,0.4279379157427938,1.3991130820399114,0.022832290646063957,0.5609756097560976,1.7206208425720622,9.45324903339506,0.8736141906873615,3.6053215077605323,0.30979386095173594,0.013437107157322213,0.16679976139197536,Sep17-19:26,1.3,0.5,4,BOB,500
148,11.808010780361963,0.1574279379157428,0.656319290465632,0.02350001477831048,0.3348115299334812,1.0509977827050998,9.859278122696002,0.532150776053215,2.893569844789357,0.3136538420712911,0.012390160674428568,0.09164826821964286,Sep17-19:27,1.3,0.5,5,BOB,500
149,11.844056855019868,0.09090909090909091,0.42572062084257206,0.026514876788459485,0.28159645232815966,0.8381374722838137,9.911957744741644,0.44124168514412415,2.647450110864745,0.31369166992228675,5.729249190037163e-05,0.021025385139456156,Sep17-19:28,1.3,0.5,6,BOB,500
150,11.844690734954208,0.07982261640798226,0.3902439024390244,0.02648452924103188,0.28159645232815966,0.8004434589800443,9.91008071278551,0.43015521064301554,2.6031042128603104,0.31371639788899514,3.742674813983328e-06,0.007942627356918124,Sep17-19:29,1.3,0.5,7,BOB,500
151,11.844834988238807,0.07982261640798226,0.38802660753880264,0.026535393679148596,0.2860310421286031,0.8004434589800443,9.910265630490006,0.43237250554323725,2.611973392461197,0.31371553989775525,0.003708310642557998,0.007978190177029984,Sep17-19:30,1.3,0.5,8,BOB,500
152,11.84424340354894,0.07982261640798226,0.38802660753880264,0.026462525179081247,0.2860310421286031,0.802660753880266,9.90920598119616,0.43237250554323725,2.611973392461197,0.3137269937034592,0.0002643879132561656,0.007682881974432539,Sep17-19:31,1.3,0.5,9,BOB,500
153,1.5902561048941972,2.656319290465632,5.226164079822617,0.6388443775273708,2.7583148558758315,5.472283813747229,0.8723856144783725,3.2084257206208426,6.7272727272727275,0.1457324318855867,0.6843506549677898,0.6114280157278845,Sep17-19:32,1.3,0.9,1,BOB,500
154,2.023497376235784,2.5809312638580932,5.113082039911308,0.17542249513898342,2.680709534368071,5.390243902439025,1.1930418136031078,3.155210643015521,6.718403547671841,0.1675670951164384,0.6180168478404288,0.5987967516162549,Sep17-19:34,1.3,0.9,2,BOB,500
155,8.133354971057296,1.4567627494456763,3.6984478935698446,0.018120397557742543,1.5432372505543237,3.8891352549889135,6.483131376048516,2.2439024390243905,5.773835920177383,0.27085777538828426,0.14696286875126222,0.33927723466542686,Sep17-19:35,1.3,0.9,3,BOB,500
156,11.37421463188734,0.3902439024390244,1.3858093126385809,0.022676838372663606,0.5254988913525499,1.6829268292682926,9.448912515460597,0.8603104212860311,3.6031042128603104,0.3098066818337942,0.014239402062114557,0.16790564112841685,Sep17-19:36,1.3,0.9,4,BOB,500
157,11.807358917005839,0.14634146341463414,0.647450110864745,0.023501695262184905,0.3259423503325942,1.039911308203991,9.858605731796501,0.5232815964523282,2.8869179600886916,0.31365247621502457,0.012395674283102207,0.0916832387628247,Sep17-19:37,1.3,0.9,5,BOB,500
158,11.844056981365854,0.09090909090909091,0.42350332594235035,0.02651504100998018,0.28159645232815966,0.835920177383592,9.911959466703651,0.44124168514412415,2.6430155210643016,0.31369164507098,0.0001803329004109323,0.021029701487131163,Sep17-19:38,1.3,0.9,6,BOB,500
159,11.84468974533208,0.07982261640798226,0.3902439024390244,0.026484665048239108,0.28159645232815966,0.8004434589800443,9.910080969139422,0.43015521064301554,2.6031042128603104,0.3137163927945187,8.483396664408481e-05,0.007941156596034761,Sep17-19:39,1.3,0.9,7,BOB,500
160,11.8448359440277,0.07982261640798226,0.38802660753880264,0.026535734913765707,0.2860310421286031,0.8004434589800443,9.910264209552029,0.43237250554323725,2.611973392461197,0.3137155393395171,0.0016321877833763423,0.007978190177029984,Sep17-19:40,1.3,0.9,8,BOB,500
161,11.844242456218355,0.07982261640798226,0.38802660753880264,0.026461119174479086,0.2860310421286031,0.802660753880266,9.909207882135803,0.43237250554323725,2.611973392461197,0.3137270237499737,0.00761128183435042,0.007682881974432539,Sep17-19:41,1.3,0.9,9,BOB,500
162,1.7686701300997956,2.5099778270509976,5.1906873614190685,0.5720812097281749,2.6097560975609757,5.443458980044346,1.0583837959689397,3.1818181818181817,6.725055432372505,0.16194728909612638,0.6871038197257158,0.603752024436669,Sep17-19:42,1.3,1.3,1,BOB,500
163,2.1722392297603865,2.4545454545454546,5.066518847006652,0.1252954218416985,2.5476718403547673,5.3547671840354765,1.3543465484200063,3.141906873614191,6.713968957871397,0.18057389162329904,0.6272859404354048,0.5929286243622078,Sep17-19:43,1.3,1.3,2,BOB,500
164,8.163250600782836,1.3614190687361418,3.6541019955654104,0.019515724778300436,1.434589800443459,3.838137472283814,6.526944387549657,2.221729490022173,5.780487804878049,0.2740926362217578,0.15714496587506233,0.3396020233055629,Sep17-19:44,1.3,1.3,3,BOB,500
165,11.372964053156634,0.36585365853658536,1.3614190687361418,0.0225360670711311,0.5011086474501109,1.6585365853658536,9.449502939964479,0.8514412416851441,3.600886917960089,0.31004810266276106,0.014881105841543868,0.16810221347541476,Sep17-19:45,1.3,1.3,4,BOB,500
166,11.807087896932783,0.14412416851441243,0.6407982261640798,0.023502937874333968,0.31929046563192903,1.042128603104213,9.858356591337188,0.516629711751663,2.88470066518847,0.3136518703769156,0.01240250619355333,0.09169783100050148,Sep17-19:46,1.3,1.3,5,BOB,500
167,11.844056869821907,0.08869179600886919,0.42350332594235035,0.026515033676746798,0.2793791574279379,0.8337028824833703,9.911959505717954,0.43902439024390244,2.6407982261640797,0.31369164427620494,2.703323853768457e-05,0.02103080455375922,Sep17-19:47,1.3,1.3,6,BOB,500
168,11.844689895995705,0.07982261640798226,0.3902439024390244,0.02648476383177378,0.28159645232815966,0.8004434589800443,9.910080721564643,0.43015521064301554,2.6031042128603104,0.3137163932661798,0.0009471685631967231,0.007941156596034761,Sep17-19:48,1.3,1.3,7,BOB,500
169,11.844835077579694,0.07982261640798226,0.38802660753880264,0.026535402942361716,0.2860310421286031,0.8004434589800443,9.910263422419819,0.43237250554323725,2.611973392461197,0.31371554335541274,0.0025321631169616544,0.007978190177029984,Sep17-19:49,1.3,1.3,8,BOB,500
170,11.844243524608485,0.07982261640798226,0.38802660753880264,0.026460969620027468,0.2860310421286031,0.802660753880266,9.909208042581206,0.43237250554323725,2.611973392461197,0.3137270246199106,0.00047635037791811846,0.007682881974432539,Sep17-19:50,1.3,1.3,9,BOB,500
171,1.936987137219594,2.456762749445676,5.1862527716186255,0.5206186303578018,2.565410199556541,5.4368070953436805,1.2335379433538356,3.1773835920177382,6.725055432372505,0.17585437823936617,0.6858507237862376,0.598021791494718,Sep17-19:51,1.3,1.7,1,BOB,500
172,2.315543622141931,2.3924611973392462,5.062084257206209,0.09422735000896156,2.4900221729490024,5.356984478935699,1.508070538034591,3.1374722838137474,6.720620842572062,0.1920874811799556,0.6302838418552893,0.5882791189430555,Sep17-19:52,1.3,1.7,2,BOB,500
173,8.200043150300198,1.288248337028825,3.6341463414634148,0.02038249060996717,1.3725055432372506,3.813747228381375,6.573631982766452,2.2172949002217295,5.7849223946784925,0.27732279246726665,0.16408698833811705,0.33970339962979923,Sep17-19:53,1.3,1.7,3,BOB,500
174,11.373554023234648,0.35476718403547675,1.3592017738359201,0.022440510401963615,0.48558758314855877,1.6585365853658536,9.451564492282488,0.844789356984479,3.6075388026607538,0.3104111845208602,0.015534287167156451,0.16821571628802748,Sep17-19:54,1.3,1.7,4,BOB,500
175,11.806930365689313,0.13968957871396895,0.6341463414634146,0.023504101763864842,0.3148558758314856,1.0354767184035476,9.858231780362258,0.5144124168514412,2.88470066518847,0.31365152883651937,0.01241296244520905,0.09170468998821232,Sep17-19:55,1.3,1.7,5,BOB,500
176,11.844056854491223,0.08647450110864745,0.42350332594235035,0.026515031962797017,0.2771618625277162,0.8337028824833703,9.911959373055693,0.43902439024390244,2.6407982261640797,0.31369164459510596,0.0027676436351467184,0.021031284147945337,Sep17-19:56,1.3,1.7,6,BOB,500
177,11.844689893881128,0.07982261640798226,0.3902439024390244,0.026484820885316594,0.28159645232815966,0.8004434589800443,9.910080724894845,0.43015521064301554,2.6031042128603104,0.3137163926448448,3.6192927432861895e-07,0.007941156596034761,Sep17-19:57,1.3,1.7,7,BOB,500
178,11.844835075465115,0.07982261640798226,0.38802660753880264,0.026535403143197668,0.2860310421286031,0.8004434589800443,9.910263411650245,0.43237250554323725,2.611973392461197,0.3137155433416646,0.002129373894457137,0.007978190177029984,Sep17-19:58,1.3,1.7,8,BOB,500
179,11.844243523551196,0.07982261640798226,0.38802660753880264,0.026460969624933477,0.2860310421286031,0.802660753880266,9.90920806124106,0.43237250554323725,2.611973392461197,0.31372702463561863,0.0001882646713058075,0.007682881974432539,Sep17-19:59,1.3,1.7,9,BOB,500
180,1.4270694666023793,2.745011086474501,5.206208425720621,0.6860391102267395,2.9379157427937916,5.445676274944567,0.7423402660159674,3.0886917960088693,6.498891352549889,0.13161305844529073,0.6233782165380077,0.6033214104115828,Sep17-20:0,1.7,0.1,1,BOB,500
181,1.9256271961787323,2.631929046563193,5.110864745011087,0.27788266426291547,2.847006651884701,5.35920177383592,1.110990484459972,3.0199556541019956,6.458980044345898,0.16203376856699397,0.5301306533364168,0.5844735073641162,Sep17-20:1,1.7,0.1,2,BOB,500
182,8.191576777137568,1.5365853658536586,3.671840354767184,0.013677273288236967,1.6452328159645233,3.9312638580931263,6.525354884211547,2.2195121951219514,5.592017738359202,0.27411083627802874,0.10384981784449482,0.3324142826435401,Sep17-20:2,1.7,0.1,3,BOB,500
183,11.398322254551488,0.3946784922394678,1.370288248337029,0.022864838228392338,0.5543237250554324,1.6917960088691797,9.470284129148109,0.8580931263858093,3.5343680709534366,0.31019356598606995,0.011574717989926353,0.16537327122136147,Sep17-20:3,1.7,0.1,4,BOB,500
184,11.809834689364465,0.14855875831485588,0.6607538802660754,0.023532879049124076,0.3392461197339246,1.0532150776053215,9.861480426351541,0.5277161862527716,2.8536585365853657,0.31366628859500856,0.012499451514465921,0.09180151860526309,Sep17-20:4,1.7,0.1,5,BOB,500
185,11.843995361529009,0.09090909090909091,0.42572062084257206,0.026526096082975573,0.28159645232815966,0.8425720620842572,9.911293461532207,0.4434589800443459,2.6430155210643016,0.31369522799814364,0.00014255144088063672,0.021016368768757242,Sep17-20:5,1.7,0.1,6,BOB,500
186,11.844754233592894,0.07982261640798226,0.3902439024390244,0.02650037506504918,0.28159645232815966,0.8004434589800443,9.909902888076141,0.43015521064301554,2.6031042128603104,0.31371648084184395,0.0037724343143893096,0.007939162889268894,Sep17-20:6,1.7,0.1,7,BOB,500
187,11.844939890299033,0.07982261640798226,0.38802660753880264,0.02655124215092929,0.2860310421286031,0.8004434589800443,9.9101701184354,0.43237250554323725,2.611973392461197,0.31371424356580296,0.003958687237875483,0.007962369646880468,Sep17-20:7,1.7,0.1,8,BOB,500
188,11.844321297700548,0.07982261640798226,0.38802660753880264,0.026480038936260147,0.2860310421286031,0.802660753880266,9.909050961786377,0.43237250554323725,2.611973392461197,0.31372697091826013,0.0005471144679885998,0.007682652454824654,Sep17-20:8,1.7,0.1,9,BOB,500
189,1.4556377431142355,2.8292682926829267,5.356984478935699,0.6903798174632854,2.964523281596452,5.587583148558759,0.7359341230001245,3.2838137472283813,6.776053215077606,0.13178834866344713,0.6733602591284229,0.6209203231632953,Sep17-20:9,1.7,0.5,1,BOB,500
190,1.9231882854271887,2.7560975609756095,5.250554323725056,0.23036963672486613,2.87139689578714,5.481152993348116,1.0833058473950705,3.2527716186252773,6.740576496674057,0.1575324981939438,0.5975131127780575,0.6050048309460887,Sep17-20:10,1.7,0.5,2,BOB,500
191,8.132911741898752,1.605321507760532,3.802660753880266,0.01638049648988341,1.7095343680709534,4.019955654101995,6.4668929055335385,2.361419068736142,5.835920177383592,0.26945110771956166,0.1328415637664154,0.3385013435945834,Sep17-20:11,1.7,0.5,3,BOB,500
192,11.379952450086694,0.42572062084257206,1.394678492239468,0.02281086298548115,0.5631929046563193,1.7184035476718404,9.452983042948269,0.8736141906873615,3.6075388026607538,0.3097854859787138,0.013447667322504325,0.1670536977514472,Sep17-20:12,1.7,0.5,4,BOB,500
193,11.808029009603343,0.1574279379157428,0.6607538802660754,0.02349958481693445,0.3348115299334812,1.048780487804878,9.859294416731187,0.5343680709534369,2.891352549889135,0.3136545753352275,0.012415168741608845,0.09165653532574145,Sep17-20:13,1.7,0.5,5,BOB,500
194,11.844056671051652,0.09090909090909091,0.42350332594235035,0.026514502803618636,0.28159645232815966,0.8381374722838137,9.911953497632107,0.44124168514412415,2.645232815964523,0.3136916574083388,3.073905312418961e-05,0.021025385139456156,Sep17-20:14,1.7,0.5,6,BOB,500
195,11.844682331095777,0.07982261640798226,0.3902439024390244,0.026484289706047142,0.28159645232815966,0.8004434589800443,9.910077060194622,0.43015521064301554,2.6031042128603104,0.31371629639506243,0.0022902776143116236,0.007957770433255877,Sep17-20:15,1.7,0.5,7,BOB,500
196,11.844837266695738,0.07982261640798226,0.38802660753880264,0.026535306962250982,0.2860310421286031,0.8004434589800443,9.910267236107702,0.43237250554323725,2.611973392461197,0.31371553345627073,0.0029735650832924104,0.007978190177029984,Sep17-20:16,1.7,0.5,8,BOB,500
197,11.844240375474392,0.07982261640798226,0.38802660753880264,0.02646631368514403,0.2860310421286031,0.802660753880266,9.909209944336355,0.43237250554323725,2.611973392461197,0.3137269901506322,4.38919831649708e-05,0.007682881974432539,Sep17-20:17,1.7,0.5,9,BOB,500
198,1.6137443295702703,2.6274944567627494,5.195121951219512,0.6276507305166205,2.7250554323725056,5.445676274944567,0.8964161631692111,3.188470066518847,6.722838137472284,0.1478100454046924,0.6847791550787397,0.6099594050231556,Sep17-20:18,1.7,0.9,1,BOB,500
199,2.044884076023974,2.5543237250554323,5.0798226164079825,0.1653286381410878,2.647450110864745,5.368070953436807,1.215165661264389,3.1463414634146343,6.716186252771618,0.16929799223177106,0.6195367804265846,0.5976318523948623,Sep17-20:19,1.7,0.9,2,BOB,500
200,8.136882759382878,1.4301552106430155,3.680709534368071,0.018383378520849203,1.5144124168514412,3.858093126385809,6.488506841956755,2.2416851441241685,5.771618625277162,0.271269729054471,0.14870624337571317,0.33931263234359405,Sep17-20:20,1.7,0.9,3,BOB,500
201,11.373829908222952,0.3902439024390244,1.3725055432372506,0.022645111397807935,0.5210643015521065,1.6696230598669624,9.44884211943446,0.8580931263858093,3.6031042128603104,0.3098119891953878,0.014263244124604462,0.16784190090458748,Sep17-20:21,1.7,0.9,4,BOB,500
202,11.80736707134416,0.14634146341463414,0.647450110864745,0.023501332395636794,0.3259423503325942,1.039911308203991,9.858612917963459,0.5232815964523282,2.8869179600886916,0.3136531521138845,0.012420666594627183,0.0916882143037632,Sep17-20:22,1.7,0.9,5,BOB,500
203,11.844057550715766,0.09090909090909091,0.42350332594235035,0.026514627518926803,0.28159645232815966,0.835920177383592,9.911956531908597,0.44124168514412415,2.6430155210643016,0.31369162149837243,0.0029109936361210098,0.021027015759688936,Sep17-20:23,1.7,0.9,6,BOB,500
204,11.844682183075374,0.07982261640798226,0.3902439024390244,0.026484386316661484,0.28159645232815966,0.8004434589800443,9.910076817611332,0.43015521064301554,2.6031042128603104,0.3137162944266695,0.00022762534138965465,0.007956355890913229,Sep17-20:24,1.7,0.9,7,BOB,500
205,11.844833302392136,0.07982261640798226,0.38802660753880264,0.026535556517268483,0.2860310421286031,0.8004434589800443,9.910262105264037,0.43237250554323725,2.611973392461197,0.31371554869971624,0.0027423898617511358,0.007978132856268572,Sep17-20:25,1.7,0.9,8,BOB,500
206,11.84423943078703,0.07982261640798226,0.38802660753880264,0.02646266654361824,0.2860310421286031,0.802660753880266,9.909201093575746,0.43237250554323725,2.611973392461197,0.31372702157937,0.006618434250646744,0.007682881974432539,Sep17-20:26,1.7,0.9,9,BOB,500
207,1.8068166258362868,2.4767184035476717,5.175166297117516,0.5576013140504927,2.57649667405765,5.425720620842572,1.096871569585915,3.1596452328159645,6.722838137472284,0.16510337499091784,0.6867081096971756,0.6018280480675163,Sep17-20:27,1.7,1.3,1,BOB,500
208,2.206134402319095,2.42350332594235,5.053215077605321,0.11521970686593157,2.5121951219512195,5.34589800443459,1.3890942416987928,3.1263858093126387,6.713968957871397,0.1832426187668579,0.6280958594271777,0.5913220655958943,Sep17-20:28,1.7,1.3,2,BOB,500
209,8.170344489971445,1.328159645232816,3.6297117516629713,0.019765184998481483,1.4124168514412416,3.802660753880266,6.536396119692689,2.2062084257206207,5.776053215077606,0.27480144559947944,0.15903210967158374,0.3396260689226464,Sep17-20:29,1.7,1.3,3,BOB,500
210,11.372740587545868,0.35920177383592017,1.3547671840354767,0.022501578324342006,0.49889135254988914,1.6563192904656319,9.449700393331396,0.844789356984479,3.6053215077605323,0.31009217499392483,0.014919228180705856,0.16810212004018843,Sep17-20:30,1.7,1.3,4,BOB,500
211,11.807088222049028,0.14412416851441243,0.6385809312638581,0.023502660838005087,0.31929046563192903,1.042128603104213,9.85835847410434,0.5121951219512195,2.88470066518847,0.3136525102505955,0.012427371615554413,0.0917014888199933,Sep17-20:32,1.7,1.3,5,BOB,500
212,11.8440574222552,0.08869179600886919,0.42350332594235035,0.026514629142500544,0.2793791574279379,0.8337028824833703,9.9119565349114,0.43902439024390244,2.6407982261640797,0.31369162057655003,2.6130512754104854e-05,0.021028262704572826,Sep17-20:33,1.7,1.3,6,BOB,500
213,11.844682590131486,0.07982261640798226,0.3902439024390244,0.026484386479246655,0.28159645232815966,0.8004434589800443,9.91007696690971,0.43015521064301554,2.6031042128603104,0.31371629394195105,0.0010928690285317484,0.007956355890913229,Sep17-20:34,1.7,1.3,7,BOB,500
214,11.844833184504456,0.07982261640798226,0.38802660753880264,0.026535471599725302,0.2860310421286031,0.8004434589800443,9.910262299203277,0.43237250554323725,2.611973392461197,0.31371554659072387,0.007720132767339907,0.007978132856268572,Sep17-20:35,1.7,1.3,8,BOB,500
215,11.844239943043355,0.07982261640798226,0.38802660753880264,0.0264626148878642,0.2860310421286031,0.802660753880266,9.909201269303232,0.43237250554323725,2.611973392461197,0.3137270269437275,0.001772556020162573,0.007682881974432539,Sep17-20:36,1.7,1.3,9,BOB,500
216,1.9857567923924082,2.434589800443459,5.177383592017739,0.5051970567144303,2.543237250554324,5.434589800443459,1.282605875687077,3.164079822616408,6.722838137472284,0.1796042527728485,0.684588037193633,0.595772738220651,Sep17-20:37,1.7,1.7,1,BOB,500
217,2.3585610104737156,2.374722838137472,5.059866962305986,0.08508393972979195,2.470066518847007,5.356984478935699,1.5521082301437088,3.12860310421286,6.718403547671841,0.1952717127481519,0.6302540373061758,0.5863934525216504,Sep17-20:38,1.7,1.7,2,BOB,500
218,8.210022438061475,1.2682926829268293,3.614190687361419,0.020602615970037513,1.3592017738359201,3.7937915742793793,6.5862199188438195,2.203991130820399,5.776053215077606,0.2781816662139814,0.16594059705044933,0.33970133705449257,Sep17-20:39,1.7,1.7,3,BOB,500
219,11.373497704378517,0.35920177383592017,1.3592017738359201,0.02240799741803653,0.48558758314855877,1.6607538802660753,9.452001463228948,0.8381374722838137,3.598669623059867,0.31048705722421,0.015594903284594772,0.16825186705472805,Sep17-20:40,1.7,1.7,4,BOB,500
220,11.806923855963408,0.13747228381374724,0.6341463414634146,0.023503918166709298,0.31263858093126384,1.0310421286031042,9.858229828598857,0.5121951219512195,2.88470066518847,0.31365214165665106,0.01243851776222282,0.09170793470819741,Sep17-20:41,1.7,1.7,5,BOB,500
221,11.844057425427067,0.08647450110864745,0.42350332594235035,0.02651462743684777,0.2771618625277162,0.8337028824833703,9.91195651666497,0.43902439024390244,2.6407982261640797,0.31369162053549193,0.0011387667085776638,0.021028646379921717,Sep17-20:42,1.7,1.7,6,BOB,500
222,11.844682585373686,0.07982261640798226,0.3902439024390244,0.026484382060230613,0.28159645232815966,0.8004434589800443,9.910076969933561,0.43015521064301554,2.6031042128603104,0.3137162938845983,0.0009508770960856163,0.007956355890913229,Sep17-20:43,1.7,1.7,7,BOB,500
223,11.844833182918522,0.07982261640798226,0.38802660753880264,0.02653547155791678,0.2860310421286031,0.8004434589800443,9.910262290380631,0.43237250554323725,2.611973392461197,0.3137155465776423,0.008086733206384885,0.007978132856268572,Sep17-20:44,1.7,1.7,8,BOB,500
224,11.844239944100645,0.07982261640798226,0.38802660753880264,0.026462614826517038,0.2860310421286031,0.802660753880266,9.909201264068413,0.43237250554323725,2.611973392461197,0.31372702693688226,0.0017730058172818744,0.007682881974432539,Sep17-20:45,1.7,1.7,9,BOB,500
