folder,num,files
mSlc7a10_20250110,18,"[('mSlc7a10_20250110---SLC-5_embryo-editing-data.csv', 0.9178512749588598), ('mSlc7a10_20250110---SLC-9_embryo-editing-data.csv', 0.9886475507314572), ('mSlc7a10_20250110---SLC-4_embryo-editing-data.csv', 0.996678299395788), ('mSlc7a10_20250110---SLC-8_embryo-editing-data.csv', 0.953547042362794), ('mSlc7a10_20250110---SLC-13_embryo-editing-data.csv', 0.9302826306284496), ('mSlc7a10_20250110---SLC-16_embryo-editing-data.csv', 0.9974535282553668), ('mSlc7a10_20250110---SLC-11_embryo-editing-data.csv', 0.9947445493466062), ('mSlc7a10_20250110---SLC-17_embryo-editing-data.csv', 0.0861318063887645), ('mSlc7a10_20250110---SLC-6_embryo-editing-data.csv', 0.9656160045214648), ('mSlc7a10_20250110---SLC-2_embryo-editing-data.csv', 0.9614589563560352), ('mSlc7a10_20250110---SLC-18_embryo-editing-data.csv', 0.9477057458595456), ('mSlc7a10_20250110---SLC-7_embryo-editing-data.csv', 0.9870368059768868), ('mSlc7a10_20250110---SLC-14_embryo-editing-data.csv', 0.9420772301322028), ('mSlc7a10_20250110---SLC-3_embryo-editing-data.csv', 0.9644523919558974), ('mSlc7a10_20250110---SLC-12_embryo-editing-data.csv', 0.9364901235520626), ('mSlc7a10_20250110---SLC-10_embryo-editing-data.csv', 0.9634389788646978), ('mSlc7a10_20250110---SLC-1_embryo-editing-data.csv', 0.9969824879795042), ('mSlc7a10_20250110---SLC-15_embryo-editing-data.csv', 0.9459652867502264)]"
mSRY_20240513,1,"[('mSRY_20240513---Sry-edited-embryonic-data.csv', 0.9956965863788269)]"
mSTARD10_20241211,2,"[('mSTARD10_20241211---mSTARD10-2-embryo-editing-data.csv', 0.5721735289492196), ('mSTARD10_20241211---mSTARD10-1-embryo-editing-data.csv', 0.6695270406689391)]"
cRAG2_20241127,1,"[('cRAG2_20241127---CRAG2-SF-embryo-editing-data.csv', 0.7377496860968596)]"
mAdam6_20220803R,3,"[('mAdam6_20220803R---Adam6KO-1__Z220801-0388-Adam6-R__A04_2208002025G.csv', 0.9577684104502332), ('mAdam6_20220803R---Adam6KO-2__Z220801-0388-Adam6-R__B04_2208002026G.csv', 0.95999839651356), ('mAdam6_20220803R---Adam6KO-4__Z220801-0388-Adam6-R__D04_2208002028G.csv', 0.6918844647299075)]"
sSOCS2-sg83_20240812R,1,"[('sSOCS2-sg83_20240812R---12-F.csv', 0.9676951672883042)]"
mTPO_20240601,1,"[('mTPO_20240601---TPO-embryonic-data-repeat.csv', 0.7481661642414946)]"
mSTARD10_20241217,11,"[('mSTARD10_20241217---STARD10-14_embryo-editing-data.csv', 0.956634193654911), ('mSTARD10_20241217---STARD10-5_embryo-editing-data.csv', 0.8837546312220012), ('mSTARD10_20241217---STARD10-6_embryo-editing-data.csv', 0.9999999432206804), ('mSTARD10_20241217---STARD10-12_embryo-editing-data.csv', 0.9999756565704686), ('mSTARD10_20241217---STARD10-4_embryo-editing-data.csv', 0.998624695329992), ('mSTARD10_20241217---STARD10-13_embryo-editing-data.csv', 0.9260176255830648), ('mSTARD10_20241217---STARD10-10_embryo-editing-data.csv', 0.9999999999999992), ('mSTARD10_20241217---STARD10-1_embryo-editing-data.csv', 0.8940889179214655), ('mSTARD10_20241217---STARD10-2_embryo-editing-data.csv', 0.7852995226945666), ('mSTARD10_20241217---STARD10-11_embryo-editing-data.csv', 0.9796718472929352), ('mSTARD10_20241217---STARD10-7_embryo-editing-data.csv', 0.8633671854897341)]"
mEPHA2_20240425,1,"[('mEPHA2_20240425---EPHA2_embryonic_edited_data_Apr25.csv', 0.9981490706656708)]"
mIL2rg_20231112,7,"[('mIL2rg_20231112---IL2g-4.csv', 0.998833132142154), ('mIL2rg_20231112---IL2g-5.csv', 0.9986014833803551), ('mIL2rg_20231112---IL2g-1.csv', 0.9987771173305078), ('mIL2rg_20231112---IL2g-9.csv', 0.9516824636475982), ('mIL2rg_20231112---IL2g-2.csv', 0.9985418689933226), ('mIL2rg_20231112---IL2g-6.csv', 0.9988164600843152), ('mIL2rg_20231112---IL2g-8.csv', 0.998806113280893)]"
mAdam6_20220816M,12,"[('mAdam6_20220816M---Adam6KO-10__Z220801-0857-Adam6-M__B05_2208005936G.csv', 0.999532437463478), ('mAdam6_20220816M---Adam6KO-1__Z220801-0857-Adam6-M__A02_2208005941G.csv', 0.9731329287659032), ('mAdam6_20220816M---Adam6KO-9__Z220801-0857-Adam6-M__A05_2208005935G.csv', 0.9327744148097984), ('mAdam6_20220816M---Adam6KO-3__Z220801-0857-Adam6-M__C02_2208005943G.csv', 0.967927834910436), ('mAdam6_20220816M---Adam6KO-8__Z220801-0857-Adam6-M__H02_2208005948G.csv', 0.9790449519511814), ('mAdam6_20220816M---Adam6KO-B1__Z220801-0857-Adam6-M__C05_2208005937G.csv', 0.8433984735678801), ('mAdam6_20220816M---Adam6KO-B2__Z220801-0857-Adam6-M__D05_2208005938G.csv', 0.948754485289106), ('mAdam6_20220816M---Adam6KO-6__Z220801-0857-Adam6-M__F02_2208005946G.csv', 0.9961949518508632), ('mAdam6_20220816M---Adam6KO-7__Z220801-0857-Adam6-M__G02_2208005947G.csv', 0.9929127682512664), ('mAdam6_20220816M---Adam6KO-5__Z220801-0857-Adam6-M__E02_2208005945G.csv', 0.2981695926288691), ('mAdam6_20220816M---Adam6KO-4__Z220801-0857-Adam6-M__D02_2208005944G.csv', 0.9995131419426722), ('mAdam6_20220816M---Adam6KO-2__Z220801-0857-Adam6-M__B02_2208005942G.csv', 0.972457469242586)]"
mIL7_20240428,1,"[('mIL7_20240428---IL7_embryo.csv', 0.9735749730780534)]"
mH2D1-sg2_20220412R,5,"[('mH2D1-sg2_20220412R---H2D1-sg2-6__Z220401-0546-H2D1sgR1__C01_2204003784G.csv', 0.8931817973195382), ('mH2D1-sg2_20220412R---H2D1-sg2-4__Z220401-0546-H2D1sgR1__G12_2204003782G.csv', 0.87764616092696), ('mH2D1-sg2_20220412R---H2D1-sg2-5__Z220401-0546-H2D1sgR1__B01_2204003783G.csv', 0.7581103972440414), ('mH2D1-sg2_20220412R---H2D1-sg2-3__Z220401-0546-H2D1sgR1__F12_2204003781G.csv', 0.8074406803400422), ('mH2D1-sg2_20220412R---H2D1-sg2-7__Z220401-0546-H2D1sgR1__D01_2204003785G.csv', 0.7997430578169897)]"
mRagKO-sg1-4--0375_20240425,9,"[('mRagKO-sg1-4--0375_20240425---8__Z240201-0375-SE-primer__G03_2402002023G.csv', 0.9768518484831024), ('mRagKO-sg1-4--0375_20240425---7__Z240201-0375-SE-primer__F03_2402002022G.csv', 0.974239675893902), ('mRagKO-sg1-4--0375_20240425---9__Z240201-0375-SE-primer__H03_2402002024G.csv', 0.977071000295342), ('mRagKO-sg1-4--0375_20240425---5__Z240201-0375-SE-primer__D03_2402002020G.csv', 0.9780207764744882), ('mRagKO-sg1-4--0375_20240425---6__Z240201-0375-SE-primer__E03_2402002021G.csv', 0.953053062048025), ('mRagKO-sg1-4--0375_20240425---4__Z240201-0375-SE-primer__C03_2402002019G.csv', 0.9776315298552506), ('mRagKO-sg1-4--0375_20240425---10__Z240201-0375-SE-primer__E01_2402002025G.csv', 0.9781083054016476), ('mRagKO-sg1-4--0375_20240425---2__Z240201-0375-SE-primer__B03_2402002018G.csv', 0.98127435082987), ('mRagKO-sg1-4--0375_20240425---1__Z240201-0375-SE-primer__A03_2402002017G.csv', 0.955891771224609)]"
mHCAR2_20250110,17,"[('mHCAR2_20250110---HCAR2-9_embryo-editing-data.csv', 0.9999999999999992), ('mHCAR2_20250110---HCAR2-4_embryo-editing-data.csv', 0.9580903528623664), ('mHCAR2_20250110---HCAR2-22_embryo-editing-data.csv', 0.8800154434465924), ('mHCAR2_20250110---HCAR2-21_embryo-editing-data.csv', 0.5836177252197744), ('mHCAR2_20250110---HCAR2-17_embryo-editing-data.csv', 0.7493422902153745), ('mHCAR2_20250110---HCAR2-19_embryo-editing-data.csv', 0.3450467290258394), ('mHCAR2_20250110---HCAR2-1_embryo-editing-data.csv', 0.9125520353709148), ('mHCAR2_20250110---HCAR2-5_embryo-editing-data.csv', 0.9263656580748266), ('mHCAR2_20250110---HCAR2-16_embryo-editing-data.csv', 0.9574273172516772), ('mHCAR2_20250110---HCAR2-15_embryo-editing-data.csv', 0.959640259386164), ('mHCAR2_20250110---HCAR2-10_embryo-editing-data.csv', 0.9904580313287028), ('mHCAR2_20250110---HCAR2-11_embryo-editing-data.csv', 0.8486648867385063), ('mHCAR2_20250110---HCAR2-8_embryo-editing-data.csv', 0.9958585585083674), ('mHCAR2_20250110---HCAR2-7_embryo-editing-data.csv', 0.8890195348600715), ('mHCAR2_20250110---HCAR2-24_embryo-editing-data.csv', 0.7506425953496594), ('mHCAR2_20250110---HCAR2-18_embryo-editing-data.csv', 0.9411756708053588), ('mHCAR2_20250110---HCAR2-13_embryo-editing-data.csv', 0.9374306870742452)]"
mPDL1_20231112,27,"[('mPDL1_20231112---PDL1-4.csv', 0.9985997273243664), ('mPDL1_20231112---PDL1-18.csv', 0.9964406778803988), ('mPDL1_20231112---PDL1-17.csv', 0.9982988346616808), ('mPDL1_20231112---PDL1-5.csv', 0.9771807046245172), ('mPDL1_20231112---PDL1-111.csv', 0.9679404813729708), ('mPDL1_20231112---PDL1-6.csv', 0.9917089295086232), ('mPDL1_20231112---PDL1-22.csv', 0.9515886027511112), ('mPDL1_20231112---PDL1-2.csv', 0.9976720285340036), ('mPDL1_20231112---PDL1-21.csv', 0.9991450207320746), ('mPDL1_20231112---PDL1-121.csv', 0.9992723094136516), ('mPDL1_20231112---PDL1-19.csv', 0.9981957364251576), ('mPDL1_20231112---PDL1-81.csv', 0.9992854124940264), ('mPDL1_20231112---PDL1-15.csv', 0.9162611848800494), ('mPDL1_20231112---PDL1-8.csv', 0.9974800025731962), ('mPDL1_20231112---PDL1-31.csv', 0.984568582387186), ('mPDL1_20231112---PDL1-16.csv', 0.9823659899059556), ('mPDL1_20231112---PDL1-24.csv', 0.9970877881802788), ('mPDL1_20231112---PDL1-23.csv', 0.9632002259680588), ('mPDL1_20231112---PDL1-25.csv', 0.9985169126867348), ('mPDL1_20231112---PDL1-20.csv', 0.5710149063364591), ('mPDL1_20231112---PDL1-9.csv', 0.9985137380660852), ('mPDL1_20231112---PDL1-1.csv', 0.9627664841184445), ('mPDL1_20231112---PDL1-61.csv', 0.9991611960713576), ('mPDL1_20231112---PDL1-14.csv', 0.9603989022098816), ('mPDL1_20231112---PDL1-91.csv', 0.9993929315578473), ('mPDL1_20231112---PDL1-7.csv', 0.9615986983019732), ('mPDL1_20231112---PDL1-71.csv', 0.9992695859158732)]"
mAdam6_20220803M,8,"[('mAdam6_20220803M---Adam6KO-4__Z220801-0387-Adam6-M__D03_2208002028G.csv', 0.9993657314108532), ('mAdam6_20220803M---Adam6KO-3__Z220801-0387-Adam6-M__C03_2208002027G.csv', 0.9491880137282668), ('mAdam6_20220803M---Adam6KO-6__Z220801-0387-Adam6-M__F03_2208002030G.csv', 0.9670152476098922), ('mAdam6_20220803M---Adam6KO-1__Z220801-0387-Adam6-M__A03_2208002025G.csv', 0.9735189088705396), ('mAdam6_20220803M---Adam6KO-B2__Z220801-0387-Adam6-M__E12_2208002036G.csv', 0.9521330445440952), ('mAdam6_20220803M---Adam6KO-10__Z220801-0387-Adam6-M__C12_2208002034G.csv', 0.9980457940381524), ('mAdam6_20220803M---Adam6KO-8__Z220801-0387-Adam6-M__H03_2208002032G.csv', 0.997161442456274), ('mAdam6_20220803M---Adam6KO-2__Z220801-0387-Adam6-M__B03_2208002026G.csv', 0.9140797938729158)]"
mFABP4_20250418R,32,"[('mFABP4_20250418R---mFABP4-31_R.csv', 0.9509173113937804), ('mFABP4_20250418R---mFABP4-26_R.csv', 0.9439506312505744), ('mFABP4_20250418R---mFABP4-14_R.csv', 0.9999977515203722), ('mFABP4_20250418R---mFABP4-10_R.csv', 0.945111389300853), ('mFABP4_20250418R---mFABP4-21_R.csv', 0.95067199744303), ('mFABP4_20250418R---mFABP4-23_R.csv', 0.9428180548258978), ('mFABP4_20250418R---mFABP4-29_R.csv', 0.9997295538782252), ('mFABP4_20250418R---mFABP4-2_R.csv', 0.7656185694008886), ('mFABP4_20250418R---mFABP4-16_R.csv', 0.9999939752901597), ('mFABP4_20250418R---mFABP4-15_R.csv', 0.9481362060736844), ('mFABP4_20250418R---mFABP4-9_R.csv', 0.9999999999999996), ('mFABP4_20250418R---mFABP4-12_R.csv', 0.9999999999999996), ('mFABP4_20250418R---mFABP4-20_R.csv', 0.2671411280621218), ('mFABP4_20250418R---mFABP4-30_R.csv', 0.922927623795514), ('mFABP4_20250418R---mFABP4-24_R.csv', 0.949812738297271), ('mFABP4_20250418R---mFABP4-25_R.csv', 0.9995498303034912), ('mFABP4_20250418R---mFABP4-13_R.csv', 0.9618940523060344), ('mFABP4_20250418R---mFABP4-3_R.csv', 0.9999975333060744), ('mFABP4_20250418R---mFABP4-6_R.csv', 0.9657584816644348), ('mFABP4_20250418R---mFABP4-28_R.csv', 0.90764341121404), ('mFABP4_20250418R---mFABP4-17_R.csv', 0.9429982595192054), ('mFABP4_20250418R---mFABP4-1_R.csv', 0.9999999999999996), ('mFABP4_20250418R---mFABP4-40_R.csv', 0.9629128925940476), ('mFABP4_20250418R---mFABP4-19_R.csv', 0.9999999999999996), ('mFABP4_20250418R---mFABP4-22_R.csv', 0.9705718636266668), ('mFABP4_20250418R---mFABP4-18_R.csv', 0.9999835252269462), ('mFABP4_20250418R---mFABP4-4_R.csv', 0.9304139660962176), ('mFABP4_20250418R---mFABP4-27_R.csv', 0.9999999999999996), ('mFABP4_20250418R---mFABP4-11_R.csv', 0.9999999999999996), ('mFABP4_20250418R---mFABP4-5_R.csv', 0.8894641555050133), ('mFABP4_20250418R---mFABP4-7_R.csv', 0.7570007371897445), ('mFABP4_20250418R---mFABP4-8_R.csv', 0.9999999999999996)]"
pGHR_20241213R,1,"[('pGHR_20241213R---pGHR-embryo-edited-data-s2.csv', 0.8659047820996847)]"
mCTNNB1_20220608,23,"[('mCTNNB1_20220608---Ctnnb1-11__Z220601-0514-Ctnnb1-F__C08_2206002727G.csv', 0.9670845654021398), ('mCTNNB1_20220608---Ctnnb1-4__Z220601-0514-Ctnnb1-F__C01_2206002720G.csv', 0.9410340148742568), ('mCTNNB1_20220608---Ctnnb1-9__Z220601-0514-Ctnnb1-F__A08_2206002725G.csv', 0.9538164967634392), ('mCTNNB1_20220608---Ctnnb1-19__Z220601-0514-Ctnnb1-F__C09_2206002735G.csv', 0.9720427326567046), ('mCTNNB1_20220608---Ctnnb1-14__Z220601-0514-Ctnnb1-F__F08_2206002730G.csv', 0.9621532607495736), ('mCTNNB1_20220608---Ctnnb1-16__Z220601-0514-Ctnnb1-F__H08_2206002732G.csv', 0.9985304456650038), ('mCTNNB1_20220608---Ctnnb1-17__Z220601-0514-Ctnnb1-F__A09_2206002733G.csv', 0.9790723660179116), ('mCTNNB1_20220608---Ctnnb1-1__Z220601-0514-Ctnnb1-F__H05_2206002717G.csv', 0.9072935063327204), ('mCTNNB1_20220608---Ctnnb1-7__Z220601-0514-Ctnnb1-F__F01_2206002723G.csv', 0.9437392868474156), ('mCTNNB1_20220608---Ctnnb1-10__Z220601-0514-Ctnnb1-F__B08_2206002726G.csv', 0.9492388515616854), ('mCTNNB1_20220608---Ctnnb1-2__Z220601-0514-Ctnnb1-F__B01_2206002718G.csv', 0.9664426857319164), ('mCTNNB1_20220608---Ctnnb1-15__Z220601-0514-Ctnnb1-F__G08_2206002731G.csv', 0.9590280704309242), ('mCTNNB1_20220608---Ctnnb1-5__Z220601-0514-Ctnnb1-F__D01_2206002721G.csv', 0.979610022844342), ('mCTNNB1_20220608---Ctnnb1-20__Z220601-0514-Ctnnb1-F__D09_2206002736G.csv', 0.9636679618947772), ('mCTNNB1_20220608---Ctnnb1-13__Z220601-0514-Ctnnb1-F__E08_2206002729G.csv', 0.999896668625508), ('mCTNNB1_20220608---Ctnnb1-18__Z220601-0514-Ctnnb1-F__B09_2206002734G.csv', 0.994165290342625), ('mCTNNB1_20220608---Ctnnb1-23__Z220601-0514-Ctnnb1-F__G09_2206002739G.csv', 0.9998013616976756), ('mCTNNB1_20220608---Ctnnb1-8__Z220601-0514-Ctnnb1-F__G01_2206002724G.csv', 0.9634211531251272), ('mCTNNB1_20220608---Ctnnb1-24__Z220601-0514-Ctnnb1-F__H09_2206002740G.csv', 0.9203197091671383), ('mCTNNB1_20220608---Ctnnb1-21__Z220601-0514-Ctnnb1-F__E09_2206002737G.csv', 0.9436984120537644), ('mCTNNB1_20220608---Ctnnb1-22__Z220601-0514-Ctnnb1-F__F09_2206002738G.csv', 0.9998192258088544), ('mCTNNB1_20220608---Ctnnb1-6__Z220601-0514-Ctnnb1-F__E01_2206002722G.csv', 0.97443819870159), ('mCTNNB1_20220608---Ctnnb1-12__Z220601-0514-Ctnnb1-F__D08_2206002728G.csv', 0.9622085837413422)]"
mIL5_20240428,1,"[('mIL5_20240428---IL5_embryonic_data.csv', 0.7940045237512665)]"
mH2AB1-sg1_20220412R,5,"[('mH2AB1-sg1_20220412R---H2AB1-sg1-10__Z220401-0544-H2AB1sgR1__G01_2204003758G.csv', 0.9993699996034588), ('mH2AB1-sg1_20220412R---H2AB1-sg1-14__Z220401-0544-H2AB1sgR1__D09_2204003762G.csv', 0.9993396669004248), ('mH2AB1-sg1_20220412R---H2AB1-sg1-8__Z220401-0544-H2AB1sgR1__E01_2204003756G.csv', 0.9985004850665116), ('mH2AB1-sg1_20220412R---H2AB1-sg1-15__Z220401-0544-H2AB1sgR1__E09_2204003763G.csv', 0.9976053155625496), ('mH2AB1-sg1_20220412R---H2AB1-sg1-4__Z220401-0544-H2AB1sgR1__C01_2204003752G.csv', 0.9997647781678708)]"
mHCAR2_20241211,1,"[('mHCAR2_20241211---mHCAR2-1-embryo-editing-data.csv', 0.936337928040003)]"
mTTN-sg7_20250417,12,"[('mTTN-sg7_20250417---mTTN-sg7-13-R1.csv', 0.8445724031197794), ('mTTN-sg7_20250417---mTTN-sg7-9_R1.csv', 0.5448666925518773), ('mTTN-sg7_20250417---mTTN-sg7-11-R1.csv', 0.8752668992898242), ('mTTN-sg7_20250417---mTTN-sg7-2_R1.csv', 0.8323092814778813), ('mTTN-sg7_20250417---mTTN-sg7-10-R1.csv', 0.8207765061137108), ('mTTN-sg7_20250417---mTTN-sg7-7_R1.csv', 0.8378665863577746), ('mTTN-sg7_20250417---mTTN-sg7-14-R1.csv', 0.8059634833584275), ('mTTN-sg7_20250417---mTTN-sg7-3_R1.csv', 0.8211329815802872), ('mTTN-sg7_20250417---mTTN-sg7-4_R1.csv', 0.8693922180073229), ('mTTN-sg7_20250417---mTTN-sg7-6_R1.csv', 0.895101127001081), ('mTTN-sg7_20250417---mTTN-sg7-8_R1.csv', 0.8340512663766241), ('mTTN-sg7_20250417---mTTN-sg7-1_R1.csv', 0.8528413941374025)]"
mH2D1-sg1_20220628s1,6,"[('mH2D1-sg1_20220628s1---H2D1-sg1-5__Z220601-1376-H2D1sgR1__H02_2206009605G.csv', 0.988035865005799), ('mH2D1-sg1_20220628s1---H2D1-sg1-4__Z220601-1376-H2D1sgR1__G02_2206009604G.csv', 0.983564882207231), ('mH2D1-sg1_20220628s1---H2D1-sg1-6__Z220601-1376-H2D1sgR1__D10_2206009606G.csv', 0.970872507352072), ('mH2D1-sg1_20220628s1---H2D1-sg1-12__Z220601-1376-H2D1sgR1__F10_2206009612G.csv', 0.9509702829572332), ('mH2D1-sg1_20220628s1---H2D1-sg1-11__Z220601-1376-H2D1sgR1__E10_2206009611G.csv', 0.9827669869863324), ('mH2D1-sg1_20220628s1---H2D1-sg1-3__Z220601-1376-H2D1sgR1__A10_2206009603G.csv', 0.9536889902817984)]"
mFABP4_20250418F,32,"[('mFABP4_20250418F---mFABP4-19_R.csv', 0.9999999887205484), ('mFABP4_20250418F---mFABP4-23_R.csv', 0.9428196705743994), ('mFABP4_20250418F---mFABP4-30_R.csv', 0.923021613904886), ('mFABP4_20250418F---mFABP4-29_R.csv', 0.9997294968238444), ('mFABP4_20250418F---mFABP4-21_R.csv', 0.9506713456290612), ('mFABP4_20250418F---mFABP4-14_R.csv', 0.9999977384615828), ('mFABP4_20250418F---mFABP4-25_R.csv', 0.9995503128801216), ('mFABP4_20250418F---mFABP4-31_R.csv', 0.95091908733135), ('mFABP4_20250418F---mFABP4-28_R.csv', 0.907790740955802), ('mFABP4_20250418F---mFABP4-13_R.csv', 0.9618943600838392), ('mFABP4_20250418F---mFABP4-4_R.csv', 0.9304138363679568), ('mFABP4_20250418F---mFABP4-12_R.csv', 0.9999999887205486), ('mFABP4_20250418F---mFABP4-6_R.csv', 0.9657586321363356), ('mFABP4_20250418F---mFABP4-11_R.csv', 0.9999999887205484), ('mFABP4_20250418F---mFABP4-3_R.csv', 0.9999975187393936), ('mFABP4_20250418F---mFABP4-15_R.csv', 0.9481383072900113), ('mFABP4_20250418F---mFABP4-26_R.csv', 0.9439536275563262), ('mFABP4_20250418F---mFABP4-27_R.csv', 0.9999999887205484), ('mFABP4_20250418F---mFABP4-17_R.csv', 0.9429965937946224), ('mFABP4_20250418F---mFABP4-2_R.csv', 0.7656137204465044), ('mFABP4_20250418F---mFABP4-10_R.csv', 0.9451152884263648), ('mFABP4_20250418F---mFABP4-7_R.csv', 0.7568809375583111), ('mFABP4_20250418F---mFABP4-40_R.csv', 0.962911620147168), ('mFABP4_20250418F---mFABP4-22_R.csv', 0.9705726473663412), ('mFABP4_20250418F---mFABP4-18_R.csv', 0.9999835074464416), ('mFABP4_20250418F---mFABP4-20_R.csv', 0.2667372413752683), ('mFABP4_20250418F---mFABP4-9_R.csv', 0.9999999887205484), ('mFABP4_20250418F---mFABP4-24_R.csv', 0.9498166035730716), ('mFABP4_20250418F---mFABP4-5_R.csv', 0.8895979406655564), ('mFABP4_20250418F---mFABP4-8_R.csv', 0.9999999887205484), ('mFABP4_20250418F---mFABP4-1_R.csv', 0.9999999887205484), ('mFABP4_20250418F---mFABP4-16_R.csv', 0.9999939591346806)]"
mH2K1-sg3_20220614,3,"[('mH2K1-sg3_20220614---H2K1-sg3-4__Z220601-0767-H2K1-R1__D08_2206004220G.csv', 0.8768577902726364), ('mH2K1-sg3_20220614---H2K1-sg3-B1__Z220601-0767-H2K1-R1__G08_2206004223G.csv', 0.5174367008223854), ('mH2K1-sg3_20220614---H2K1-sg3-5__Z220601-0767-H2K1-R1__E08_2206004221G.csv', 0.295746811222057)]"
pPRDM14_20241213R,1,"[('pPRDM14_20241213R---PRDM14-2_R-embryo-editing-data.csv', 0.9125749231761576)]"
mH2AB1-sg1_20220516,13,"[('mH2AB1-sg1_20220516---H2AB1-sg1-3__Z220501-0764-H2AB1sgF1__C05_2205004835G.csv', 0.9921521128597596), ('mH2AB1-sg1_20220516---H2AB1-sg1-15__Z220501-0764-H2AB1sgF1__G06_2205004847G.csv', 0.9510115038962036), ('mH2AB1-sg1_20220516---H2AB1-sg1-20__Z220501-0764-H2AB1sgF1__D07_2205004852G.csv', 0.8525399820955336), ('mH2AB1-sg1_20220516---H2AB1-sg1-1__Z220501-0764-H2AB1sgF1__A05_2205004833G.csv', 0.9712860885304696), ('mH2AB1-sg1_20220516---H2AB1-sg1-10__Z220501-0764-H2AB1sgF1__B06_2205004842G.csv', 0.9521956736291124), ('mH2AB1-sg1_20220516---H2AB1-sg1-4__Z220501-0764-H2AB1sgF1__D05_2205004836G.csv', 0.9075898883798972), ('mH2AB1-sg1_20220516---H2AB1-sg1-6__Z220501-0764-H2AB1sgF1__F05_2205004838G.csv', 0.8369868129791269), ('mH2AB1-sg1_20220516---H2AB1-sg1-24__Z220501-0764-H2AB1sgF1__H07_2205004856G.csv', 0.9108845023996112), ('mH2AB1-sg1_20220516---H2AB1-sg1-2__Z220501-0764-H2AB1sgF1__B05_2205004834G.csv', 0.988965355499556), ('mH2AB1-sg1_20220516---H2AB1-sg1-22__Z220501-0764-H2AB1sgF1__F07_2205004854G.csv', 0.9457283885701998), ('mH2AB1-sg1_20220516---H2AB1-sg1-7__Z220501-0764-H2AB1sgF1__G05_2205004839G.csv', 0.987268437325052), ('mH2AB1-sg1_20220516---H2AB1-sg1-12__Z220501-0764-H2AB1sgF1__D06_2205004844G.csv', 0.9563504002123896), ('mH2AB1-sg1_20220516---H2AB1-sg1-14__Z220501-0764-H2AB1sgF1__F06_2205004846G.csv', 0.9676563289948392)]"
mHV5-sg6_20240428,1,"[('mHV5-sg6_20240428---mHV5---sgRNA6---mHV5-landing-3HA-F1.csv', 0.5167315827119071)]"
mFABP4_20250417F,4,"[('mFABP4_20250417F---mFABP4-2-50_F.csv', 0.5619397898270351), ('mFABP4_20250417F---mFABP4-2-28_F.csv', 0.8278657059847502), ('mFABP4_20250417F---mFABP4-2-2_F.csv', 0.6747283807184202), ('mFABP4_20250417F---mFABP4-2-20_F.csv', 0.3094929404368217)]"
mIL6_20240428,1,"[('mIL6_20240428---IL6_embryonic_data.csv', 0.4827102992114949)]"
mMettl14-sg1_20220516,21,"[('mMettl14-sg1_20220516---Mettl14-sg1-8__Z220501-0793-Mettl14-R__H08_2205005308G.csv', 0.9486647380759032), ('mMettl14-sg1_20220516---Mettl14-sg1-4__Z220501-0793-Mettl14-R__D08_2205005304G.csv', 0.987471055572698), ('mMettl14-sg1_20220516---Mettl14-sg1-2__Z220501-0793-Mettl14-R__B08_2205005302G.csv', 0.6441740417300538), ('mMettl14-sg1_20220516---Mettl14-sg1-20__Z220501-0793-Mettl14-R__E09_2205005320G.csv', 0.9690307262384968), ('mMettl14-sg1_20220516---Mettl14-sg1-12__Z220501-0793-Mettl14-R__D09_2205005312G.csv', 0.96697357066291), ('mMettl14-sg1_20220516---Mettl14-sg1-18__Z220501-0793-Mettl14-R__C09_2205005318G.csv', 0.9433743922304988), ('mMettl14-sg1_20220516---Mettl14-sg1-1__Z220501-0793-Mettl14-R__A08_2205005301G.csv', 0.9828521453075584), ('mMettl14-sg1_20220516---Mettl14-sg1-7__Z220501-0793-Mettl14-R__G08_2205005307G.csv', 0.972623478539358), ('mMettl14-sg1_20220516---Mettl14-sg1-6__Z220501-0793-Mettl14-R__F08_2205005306G.csv', 0.9697522583755118), ('mMettl14-sg1_20220516---Mettl14-sg1-22__Z220501-0793-Mettl14-R__G09_2205005322G.csv', 0.967449666248448), ('mMettl14-sg1_20220516---Mettl14-sg1-17__Z220501-0793-Mettl14-R__B09_2205005317G.csv', 0.9718141763652598), ('mMettl14-sg1_20220516---Mettl14-sg1-10__Z220501-0793-Mettl14-R__B09_2205005310G.csv', 0.962969551703204), ('mMettl14-sg1_20220516---Mettl14-sg1-13__Z220501-0793-Mettl14-R__E09_2205005313G.csv', 0.8970476466909558), ('mMettl14-sg1_20220516---Mettl14-sg1-16__Z220501-0793-Mettl14-R__H09_2205005316G.csv', 0.8518593629968909), ('mMettl14-sg1_20220516---Mettl14-sg1-9__Z220501-0793-Mettl14-R__A09_2205005309G.csv', 0.9521981467688228), ('mMettl14-sg1_20220516---Mettl14-sg1-14__Z220501-0793-Mettl14-R__F09_2205005314G.csv', 0.9717892479851036), ('mMettl14-sg1_20220516---Mettl14-sg1-15__Z220501-0793-Mettl14-R__G09_2205005315G.csv', 0.431923865379073), ('mMettl14-sg1_20220516---Mettl14-sg1-21__Z220501-0793-Mettl14-R__F09_2205005321G.csv', 0.9918966172089684), ('mMettl14-sg1_20220516---Mettl14-sg1-19__Z220501-0793-Mettl14-R__D09_2205005319G.csv', 0.9353292396517164), ('mMettl14-sg1_20220516---Mettl14-sg1-11__Z220501-0793-Mettl14-R__C09_2205005311G.csv', 0.9740145762130286), ('mMettl14-sg1_20220516---Mettl14-sg1-5__Z220501-0793-Mettl14-R__E08_2205005305G.csv', 0.9921229655631224)]"
pPRDM14_20241213F,1,"[('pPRDM14_20241213F---PRDM14-2_F-embryo-editing-data.csv', 0.9305513665316992)]"
mRag1_20231112,9,"[('mRag1_20231112---Rag1_12.csv', 0.886157561749632), ('mRag1_20231112---Rag1_4.csv', 0.8903694624496181), ('mRag1_20231112---Rag1_9.csv', 0.9396183372900476), ('mRag1_20231112---Rag1_5.csv', 0.950074306578379), ('mRag1_20231112---Rag1_13.csv', 0.9250304021779532), ('mRag1_20231112---Rag1_10.csv', 0.9808049165074346), ('mRag1_20231112---Rag1_6.csv', 0.940227456550702), ('mRag1_20231112---Rag1_11.csv', 0.959047359055526), ('mRag1_20231112---Rag1_8.csv', 0.96741206771844)]"
mH2K1-sg2_20220614,8,"[('mH2K1-sg2_20220614---H2K1-sg2-2__Z220601-0766-H2K1-F1__B06_2206004202G.csv', 0.9337695049252362), ('mH2K1-sg2_20220614---H2K1-sg2-8__Z220601-0766-H2K1-F1__H06_2206004208G.csv', 0.8687676288103655), ('mH2K1-sg2_20220614---H2K1-sg2-6__Z220601-0766-H2K1-F1__F06_2206004206G.csv', 0.7696676016440933), ('mH2K1-sg2_20220614---H2K1-sg2-1__Z220601-0766-H2K1-F1__A06_2206004201G.csv', 0.6230233386971399), ('mH2K1-sg2_20220614---H2K1-sg2-7__Z220601-0766-H2K1-F1__G06_2206004207G.csv', 0.3423113501539709), ('mH2K1-sg2_20220614---H2K1-sg2-10__Z220601-0766-H2K1-F1__B07_2206004210G.csv', 0.646877215809572), ('mH2K1-sg2_20220614---H2K1-sg2-9__Z220601-0766-H2K1-F1__A07_2206004209G.csv', 0.9271539967755222), ('mH2K1-sg2_20220614---H2K1-sg2-B1__Z220601-0766-H2K1-F1__E07_2206004213G.csv', 0.1754917991086672)]"
mSTARD10_20250110,4,"[('mSTARD10_20250110---STARD10-3_embryo-editing-data.csv', 0.9251734792594491), ('mSTARD10_20250110---STARD10-6_embryo-editing-data.csv', 0.9999907942283924), ('mSTARD10_20250110---STARD10-4_embryo-editing-data.csv', 0.9999996336646616), ('mSTARD10_20250110---STARD10-5_embryo-editing-data.csv', 0.9535861118911876)]"
mH2D1-sg1_20220504,1,"[('mH2D1-sg1_20220504---H2D1-sg1-12__Z220501-0287-H2D1sgR1__C12_2205001511G.csv', 0.9571877149672864)]"
mH2D1-sg1_20220412R,4,"[('mH2D1-sg1_20220412R---H2D1-sg1-1__Z220401-0546-H2D1sgR1__D11_2204003765G.csv', 0.0606892469449162), ('mH2D1-sg1_20220412R---H2D1-sg1-4__Z220401-0546-H2D1sgR1__H04_2204003768G.csv', 0.7855569075789474), ('mH2D1-sg1_20220412R---H2D1-sg1-10__Z220401-0546-H2D1sgR1__B12_2204003775G.csv', 0.986728702120155), ('mH2D1-sg1_20220412R---H2D1-sg1-5__Z220401-0546-H2D1sgR1__F11_2204003769G.csv', 0.5633890080136243)]"
mH2AB1-sg1_20220412F,5,"[('mH2AB1-sg1_20220412F---H2AB1-sg1-15__Z220401-0543-H2AB1sgF1__C09_2204003763G.csv', 0.99943359284171), ('mH2AB1-sg1_20220412F---H2AB1-sg1-8__Z220401-0543-H2AB1sgF1__E12_2204003756G.csv', 0.98782091018411), ('mH2AB1-sg1_20220412F---H2AB1-sg1-14__Z220401-0543-H2AB1sgF1__C01_2204003762G.csv', 0.9977407437003668), ('mH2AB1-sg1_20220412F---H2AB1-sg1-4__Z220401-0543-H2AB1sgF1__C12_2204003752G.csv', 0.9995243710453872), ('mH2AB1-sg1_20220412F---H2AB1-sg1-10__Z220401-0543-H2AB1sgF1__G12_2204003758G.csv', 0.999640021703807)]"
mIL21R_20250417F,20,"[('mIL21R_20250417F---IL21R-23_F.csv', 0.9999999999999992), ('mIL21R_20250417F---IL21R-18_F.csv', 0.9999999999999992), ('mIL21R_20250417F---IL21R-24_F.csv', 0.9438023431784852), ('mIL21R_20250417F---IL21R-19_F.csv', 0.9372383816113908), ('mIL21R_20250417F---IL21R-13_F.csv', 0.9999999999999992), ('mIL21R_20250417F---IL21R-10_F.csv', 0.9999999999999992), ('mIL21R_20250417F---IL21R-4_R.csv', 0.9990062557614664), ('mIL21R_20250417F---IL21R-17_F.csv', 0.9999958845783432), ('mIL21R_20250417F---IL21R-1_F.csv', 0.3518930728163533), ('mIL21R_20250417F---IL21R-14_F.csv', 0.9999999999999992), ('mIL21R_20250417F---IL21R-5_R.csv', 0.9999961706719258), ('mIL21R_20250417F---IL21R-21_F.csv', 0.9999999999999992), ('mIL21R_20250417F---IL21R-22_F.csv', 0.9353592726435092), ('mIL21R_20250417F---IL21R-9_R.csv', 0.8705393233419699), ('mIL21R_20250417F---IL21R-7_R.csv', 0.9999840754717666), ('mIL21R_20250417F---IL21R-20_F.csv', 0.9999999710052324), ('mIL21R_20250417F---IL21R-25_F.csv', 0.9997663226890384), ('mIL21R_20250417F---IL21R-8_R.csv', 0.9461060304619742), ('mIL21R_20250417F---IL21R-15_F.csv', 0.9999999907701422), ('mIL21R_20250417F---IL21R-2_R.csv', 0.9999998424922948)]"
mSTK4-sg3_20240722,7,"[('mSTK4-sg3_20240722---S311single.csv', 0.934796271300362), ('mSTK4-sg3_20240722---S32-single.csv', 0.9984372305853632), ('mSTK4-sg3_20240722---S33-single.csv', 0.9975478389316974), ('mSTK4-sg3_20240722---S34-single.csv', 0.973764269955506), ('mSTK4-sg3_20240722---S39-single.csv', 0.9754490184144936), ('mSTK4-sg3_20240722---S310-single.csv', 0.9755209188037952), ('mSTK4-sg3_20240722---S38-single.csv', 0.9547479333433054)]"
mKif27_20240601,1,"[('mKif27_20240601---Kif27-Embryonic-DATA-repeat.csv', 0.6486384557326186)]"
mSorl1_20240911,1,"[('mSorl1_20240911---Sorl1-Embryonic-edited-data.csv', 0.9572298683934376)]"
sSOCS2-sg96_20240812F,12,"[('sSOCS2-sg96_20240812F---8-F.csv', 0.5119542304492511), ('sSOCS2-sg96_20240812F---2-F-NO.csv', 0.9853029685765088), ('sSOCS2-sg96_20240812F---24-F.csv', 0.959913734149178), ('sSOCS2-sg96_20240812F---10-F.csv', 0.9336781220536942), ('sSOCS2-sg96_20240812F---5-F-NO.csv', 0.0563587877069366), ('sSOCS2-sg96_20240812F---11-F.csv', 0.9396328927074792), ('sSOCS2-sg96_20240812F---14-F.csv', 0.050166862886806), ('sSOCS2-sg96_20240812F---20-F-NO.csv', 0.9853029685765088), ('sSOCS2-sg96_20240812F---13-F.csv', 0.9637174463689338), ('sSOCS2-sg96_20240812F---12-F.csv', 0.4352337887918125), ('sSOCS2-sg96_20240812F---15-F-NO.csv', 0.9853029685765088), ('sSOCS2-sg96_20240812F---21-F-NO.csv', 0.9853029685765088)]"
mH2D1-sg1_20220412F,1,"[('mH2D1-sg1_20220412F---H2D1-sg1-10__Z220401-0545-H2D1sgF1__G10_2204003775G.csv', 0.9880106580261284)]"
mCD44_20241217,8,"[('mCD44_20241217---CD44-8_embryo-editing-data.csv', 0.9999999170253748), ('mCD44_20241217---CD44-1_embryo-editing-data.csv', 0.9999999999999992), ('mCD44_20241217---CD44-7_embryo-editing-data.csv', 0.9371605076413044), ('mCD44_20241217---CD44-5_embryo-editing-data.csv', 0.9267695360877184), ('mCD44_20241217---CD44-2_embryo-editing-data.csv', 0.999946980251853), ('mCD44_20241217---CD44-6_embryo-editing-data.csv', 0.9410149515548956), ('mCD44_20241217---CD44-4_embryo-editing-data.csv', 0.9995286907040156), ('mCD44_20241217---CD44-3_embryo-editing-data.csv', 0.9414273087616584)]"
gGHR_20250528,1,"[('gGHR_20250528---gGHR-1-embryo-editing-data.csv', 0.9428356164388156)]"
mH2AB1-sg2_20220516,11,"[('mH2AB1-sg2_20220516---H2AB1-sg2-B2__Z220501-0763-H2AB1sgR1__F02_2205004814G.csv', 0.8954035952830295), ('mH2AB1-sg2_20220516---H2AB1-sg2-B1__Z220501-0763-H2AB1sgR1__E02_2205004813G.csv', 0.9509347178099332), ('mH2AB1-sg2_20220516---H2AB1-sg2-7__Z220501-0763-H2AB1sgR1__G03_2205004823G.csv', 0.9805222303652296), ('mH2AB1-sg2_20220516---H2AB1-sg2-2__Z220501-0763-H2AB1sgR1__B03_2205004818G.csv', 0.8958447182064808), ('mH2AB1-sg2_20220516---H2AB1-sg2-3__Z220501-0763-H2AB1sgR1__C03_2205004819G.csv', 0.9580855228437712), ('mH2AB1-sg2_20220516---H2AB1-sg2-13__Z220501-0763-H2AB1sgR1__E04_2205004829G.csv', 0.9410332296045028), ('mH2AB1-sg2_20220516---H2AB1-sg2-8__Z220501-0763-H2AB1sgR1__H03_2205004824G.csv', 0.8909407902667192), ('mH2AB1-sg2_20220516---H2AB1-sg2-12__Z220501-0763-H2AB1sgR1__D04_2205004828G.csv', 0.7920078533801418), ('mH2AB1-sg2_20220516---H2AB1-sg2-9__Z220501-0763-H2AB1sgR1__A04_2205004825G.csv', 0.9659909818552324), ('mH2AB1-sg2_20220516---H2AB1-sg2-B3__Z220501-0763-H2AB1sgR1__G02_2205004815G.csv', 0.9930671653483985), ('mH2AB1-sg2_20220516---H2AB1-sg2-B4__Z220501-0763-H2AB1sgR1__H02_2205004816G.csv', 0.9345436114632616)]"
mGM-sg2_20240911,1,"[('mGM-sg2_20240911---GM2__Z240901-0289-GM_SP1__E02_2409001713G.csv', 0.965913099701324)]"
mMMRN1_20241211,5,"[('mMMRN1_20241211---mMMRN1-7-embryo-editing-data.csv', 0.9469774686349032), ('mMMRN1_20241211---mMMRN1-1-embryo-editing-data.csv', 0.9999999999999992), ('mMMRN1_20241211---mMMRN1-6-embryo-editing-data.csv', 0.9999996865719596), ('mMMRN1_20241211---mMMRN1-5-embryo-editing-data.csv', 0.95362563080721), ('mMMRN1_20241211---mMMRN1-3-embryo-editing-data.csv', 0.9472995408992816)]"
mDIRK_2024,1,"[('mDIRK_2024---DIRK_experiment.csv', 0.8257119643515171)]"
mFABP4_20250417R,6,"[('mFABP4_20250417R---mFABP4-2-13_R.csv', 0.94919690878016), ('mFABP4_20250417R---mFABP4-2-2_R.csv', 0.7684159335423886), ('mFABP4_20250417R---mFABP4-2-20_R.csv', 0.7131431220592742), ('mFABP4_20250417R---mFABP4-2-7_R.csv', 0.8094140699397104), ('mFABP4_20250417R---mFABP4-2-5_R.csv', 0.8682019505912966), ('mFABP4_20250417R---mFABP4-2-28_R.csv', 0.8953914994403683)]"
mULK4-sg2_20240722,4,"[('mULK4-sg2_20240722---U26-single.csv', 0.8664332741368985), ('mULK4-sg2_20240722---U24-single.csv', 0.8014694647384768), ('mULK4-sg2_20240722---U25-single.csv', 0.6201722752382534), ('mULK4-sg2_20240722---U27-single.csv', 0.3716851486966003)]"
mIL21R_20250417R,20,"[('mIL21R_20250417R---IL21R-15_F.csv', 0.999999884217653), ('mIL21R_20250417R---IL21R-9_R.csv', 0.8696787535904704), ('mIL21R_20250417R---IL21R-23_F.csv', 0.9999998937285484), ('mIL21R_20250417R---IL21R-14_F.csv', 0.9999998942957952), ('mIL21R_20250417R---IL21R-24_F.csv', 0.9441369343365428), ('mIL21R_20250417R---IL21R-8_R.csv', 0.946291696887079), ('mIL21R_20250417R---IL21R-25_F.csv', 0.9997659505334758), ('mIL21R_20250417R---IL21R-5_R.csv', 0.999996546691092), ('mIL21R_20250417R---IL21R-17_F.csv', 0.9999914044185696), ('mIL21R_20250417R---IL21R-13_F.csv', 0.9999998942957954), ('mIL21R_20250417R---IL21R-1_F.csv', 0.3511963779588774), ('mIL21R_20250417R---IL21R-18_F.csv', 0.9999998942957952), ('mIL21R_20250417R---IL21R-10_F.csv', 0.9999998942957954), ('mIL21R_20250417R---IL21R-20_F.csv', 0.9999998637981072), ('mIL21R_20250417R---IL21R-7_R.csv', 0.9999839262389876), ('mIL21R_20250417R---IL21R-4_R.csv', 0.998997035521892), ('mIL21R_20250417R---IL21R-2_R.csv', 0.9999981782112926), ('mIL21R_20250417R---IL21R-19_F.csv', 0.937165197764458), ('mIL21R_20250417R---IL21R-21_F.csv', 0.9999998942957952), ('mIL21R_20250417R---IL21R-22_F.csv', 0.9355406667650952)]"
gPRDM14_20250528,1,"[('gPRDM14_20250528---gPRDM14-1-embryo-editing-data.csv', 0.9984305443527598)]"
mELF5_20220621,5,"[('mELF5_20220621---ELF5-10__Z220601-1091-ELF5-R__C02_2206007534G.csv', 0.311978547278728), ('mELF5_20220621---ELF5-27__Z220601-1091-ELF5-R__C07_2206007551G.csv', 0.9946146437478796), ('mELF5_20220621---ELF5-31__Z220601-1091-ELF5-R__G02_2206007555G.csv', 0.992749338194782), ('mELF5_20220621---ELF5-22__Z220601-1091-ELF5-R__F02_2206007546G.csv', 0.9763412200407025), ('mELF5_20220621---ELF5-30__Z220601-1091-ELF5-R__F07_2206007554G.csv', 0.9986297416467608)]"
pCD163_20241213,1,"[('pCD163_20241213---CD163-2-embryo-editing-data.csv', 0.9596727006518369)]"
mMTAP_20240428,1,"[('mMTAP_20240428---MTAP_sgRNA1_embryonic_editing.csv', 0.937763393274204)]"
mCTNNB1_20220628,10,"[('mCTNNB1_20220628---Ctnnb1-8__Z220601-1379-Ctnnb1-F__A03_2206009617G.csv', 0.9598695815969508), ('mCTNNB1_20220628---Ctnnb1-23__Z220601-1379-Ctnnb1-F__G03_2206009623G.csv', 0.9040320321866068), ('mCTNNB1_20220628---Ctnnb1-32__Z220601-1379-Ctnnb1-F__D04_2206009628G.csv', 0.9673836759984152), ('mCTNNB1_20220628---Ctnnb1-10__Z220601-1379-Ctnnb1-F__C03_2206009619G.csv', 0.9782060323268328), ('mCTNNB1_20220628---Ctnnb1-9__Z220601-1379-Ctnnb1-F__B03_2206009618G.csv', 0.932487661853888), ('mCTNNB1_20220628---Ctnnb1-24__Z220601-1379-Ctnnb1-F__H03_2206009624G.csv', 0.898213895450303), ('mCTNNB1_20220628---Ctnnb1-26__Z220601-1379-Ctnnb1-F__B04_2206009626G.csv', 0.9992403683327042), ('mCTNNB1_20220628---Ctnnb1-18__Z220601-1379-Ctnnb1-F__F03_2206009622G.csv', 0.9567690031384352), ('mCTNNB1_20220628---Ctnnb1-11__Z220601-1379-Ctnnb1-F__D03_2206009620G.csv', 0.9745612895824576), ('mCTNNB1_20220628---Ctnnb1-17__Z220601-1379-Ctnnb1-F__E03_2206009621G.csv', 0.9809478358902296)]"
mAdam6_20220816R,7,"[('mAdam6_20220816R---Adam6KO-4__Z220801-0858-Adam6-R__D03_2208005944G.csv', 0.9432828348770642), ('mAdam6_20220816R---Adam6KO-B1__Z220801-0858-Adam6-R__C06_2208005937G.csv', 0.9500881886066556), ('mAdam6_20220816R---Adam6KO-1__Z220801-0858-Adam6-R__A03_2208005941G.csv', 0.9802346689319628), ('mAdam6_20220816R---Adam6KO-3__Z220801-0858-Adam6-R__C03_2208005943G.csv', 0.9428856644313204), ('mAdam6_20220816R---Adam6KO-7__Z220801-0858-Adam6-R__G03_2208005947G.csv', 0.9772444962750758), ('mAdam6_20220816R---Adam6KO-2__Z220801-0858-Adam6-R__B03_2208005942G.csv', 0.9172263219273256), ('mAdam6_20220816R---Adam6KO-6__Z220801-0858-Adam6-R__F03_2208005946G.csv', 0.6801355176649256)]"
pAPN_20241213R,1,"[('pAPN_20241213R---APN_2R-embryo-editing-data.csv', 0.9368911020487224)]"
mNAT2_20241217,4,"[('mNAT2_20241217---NAT2-2_embryo-editing-data.csv', 0.9876791845902642), ('mNAT2_20241217---NAT2-1_embryo-editing-data.csv', 0.9707846667466316), ('mNAT2_20241217---NAT2-4_embryo-editing-data.csv', 0.996803825520956), ('mNAT2_20241217---NAT2-3_embryo-editing-data.csv', 0.9667470227473144)]"
mTTN-sg9_20250417R,5,"[('mTTN-sg9_20250417R---mTTN-sg9-2_R.csv', 0.99998133038996), ('mTTN-sg9_20250417R---mTTN-sg9-3_R.csv', 0.9559495078571868), ('mTTN-sg9_20250417R---mTTN-sg9-4_R.csv', 0.9661746102811926), ('mTTN-sg9_20250417R---mTTN-sg9-6_R.csv', 0.9999739821700708), ('mTTN-sg9_20250417R---mTTN-sg9-1_R.csv', 0.9687178505537456)]"
mNAT2_20241127R,2,"[('mNAT2_20241127R---mNAT2-gDNA.csv', 0.9348419762593778), ('mNAT2_20241127R---mNAT2-1-R-embryo-editing-data.csv', 0.921738840836854)]"
mAdgre1_20240513,1,"[('mAdgre1_20240513---Adgre1-embryonic-edited-data.csv', 0.9816329998502564)]"
mKif27_20240513,1,"[('mKif27_20240513---Kif-Embryonic-editing-data.csv', 0.6432832404031316)]"
pAPN_20241213F,1,"[('pAPN_20241213F---APN_2F-embryo-editing-data.csv', 0.9169138568652184)]"
pGHR_20241213F,1,"[('pGHR_20241213F---pGHR-embryo-edited-data-s1.csv', 0.8701129375650957)]"
mSRY_20241219,1,"[('mSRY_20241219---SRY-1_embryo-sequencing-data.csv', 0.9471950581773492)]"
mHSP90_20250417s3,1,"[('mHSP90_20250417s3---mHSP-2-batch3.csv', 0.3416416331228418)]"
mNAT2_20241127F,2,"[('mNAT2_20241127F---mNAT2-1-F-embryo-editing-data.csv', 0.9075308364013585), ('mNAT2_20241127F---mNAT2-2-F-embryo-editing-data.csv', 0.9113350445723104)]"
mHV5-sg2_20240428,1,"[('mHV5-sg2_20240428---mHV5--msgRNA2---mHV5-landing-3HA-F1.csv', 0.2617569603726155)]"
mSRY_20250110,5,"[('mSRY_20250110---SRY-4_embryo-editing-data.csv', 0.9999999999999992), ('mSRY_20250110---SRY-1_embryo-editing-data.csv', 0.9999999999999992), ('mSRY_20250110---SRY-3_embryo-editing-data.csv', 0.9999999700119024), ('mSRY_20250110---SRY-2_embryo-editing-data.csv', 0.9973619611722964), ('mSRY_20250110---SRY-5_embryo-editing-data.csv', 0.9501766692013413)]"
mKat2a_20220621,22,"[('mKat2a_20220621---Kat2a-30__Z220601-1102-Kat2a-F__E12_2206007630G.csv', 0.9869764100654812), ('mKat2a_20220621---Kat2a-29__Z220601-1102-Kat2a-F__F01_2206007629G.csv', 0.8292466780118903), ('mKat2a_20220621---Kat2a-6__Z220601-1102-Kat2a-F__F05_2206007606G.csv', 0.9215518740352122), ('mKat2a_20220621---Kat2a-28__Z220601-1102-Kat2a-F__C12_2206007628G.csv', 0.9585738698315138), ('mKat2a_20220621---Kat2a-27__Z220601-1102-Kat2a-F__B12_2206007627G.csv', 0.955283432565078), ('mKat2a_20220621---Kat2a-1__Z220601-1102-Kat2a-F__A05_2206007601G.csv', 0.980176989872248), ('mKat2a_20220621---Kat2a-25__Z220601-1102-Kat2a-F__H05_2206007625G.csv', 0.945484108976511), ('mKat2a_20220621---Kat2a-31__Z220601-1102-Kat2a-F__F12_2206007631G.csv', 0.9510320470839438), ('mKat2a_20220621---Kat2a-7__Z220601-1102-Kat2a-F__G05_2206007607G.csv', 0.9458479957504558), ('mKat2a_20220621---Kat2a-14__Z220601-1102-Kat2a-F__H04_2206007614G.csv', 0.0240674763227419), ('mKat2a_20220621---Kat2a-38__Z220601-1102-Kat2a-F__D09_2206007638G.csv', 0.8626787404815676), ('mKat2a_20220621---Kat2a-5__Z220601-1102-Kat2a-F__E05_2206007605G.csv', 0.9671281520458084), ('mKat2a_20220621---Kat2a-12__Z220601-1102-Kat2a-F__F04_2206007612G.csv', 0.9617889243243332), ('mKat2a_20220621---Kat2a-22__Z220601-1102-Kat2a-F__H09_2206007622G.csv', 0.9194154434953432), ('mKat2a_20220621---Kat2a-3__Z220601-1102-Kat2a-F__C05_2206007603G.csv', 0.8752766641221217), ('mKat2a_20220621---Kat2a-13__Z220601-1102-Kat2a-F__G04_2206007613G.csv', 0.937232513279305), ('mKat2a_20220621---Kat2a-37__Z220601-1102-Kat2a-F__C09_2206007637G.csv', 0.9705280102883432), ('mKat2a_20220621---Kat2a-19__Z220601-1102-Kat2a-F__E09_2206007619G.csv', 0.9999083784903176), ('mKat2a_20220621---Kat2a-4__Z220601-1102-Kat2a-F__D05_2206007604G.csv', 0.9533358976966776), ('mKat2a_20220621---Kat2a-32__Z220601-1102-Kat2a-F__G12_2206007632G.csv', 0.971974278569838), ('mKat2a_20220621---Kat2a-21__Z220601-1102-Kat2a-F__G09_2206007621G.csv', 0.9441854965385512), ('mKat2a_20220621---Kat2a-20__Z220601-1102-Kat2a-F__F09_2206007620G.csv', 0.9785491776590344)]"
mSlc7a10_20241127,1,"[('mSlc7a10_20241127---mSlc7a10-Embryonic-editing-data.csv', 0.9252781862198592)]"
mCD44_20241211,1,"[('mCD44_20241211---mCD44-1-embryo-editing-data.csv', 0.9279998261852508)]"
mHSP90_20250417s2,6,"[('mHSP90_20250417s2---mHSP-13.csv', 0.967120561101639), ('mHSP90_20250417s2---mHSP-12.csv', 0.9999036093793215), ('mHSP90_20250417s2---mHSP-14.csv', 0.99995870685552), ('mHSP90_20250417s2---mHSP-15.csv', 0.9304193384261416), ('mHSP90_20250417s2---mHSP-11.csv', 0.9253330534727908), ('mHSP90_20250417s2---mHSP-16.csv', 0.9743091695609782)]"
mCD74_20250417,2,"[('mCD74_20250417---mCD74-1.csv', 0.850033537679813), ('mCD74_20250417---mCD74-2.csv', 0.9414887861816272)]"
mRNASE1_20241211,2,"[('mRNASE1_20241211---mRNASE1-2-embryo-editing-data.csv', 0.999580303506586), ('mRNASE1_20241211---mRNASE1-1-embryo-editing-data.csv', 0.9696510789951768)]"
gPRDM1_20250528,1,"[('gPRDM1_20250528---gPRM1-1-embryo-editing-data.csv', 0.9540711208604582)]"
mSlc7a10_20240906,1,"[('mSlc7a10_20240906---Edited-emryos.csv', 0.9801959987711903)]"
mHV5-sg7_20240428,1,"[('mHV5-sg7_20240428---mHV5--sgRNA7---mHV5-landing-pad-R.csv', 0.8536153693187297)]"
mKat2a_20220608,25,"[('mKat2a_20220608---Kat2a-7__Z220601-0513-Kat2a-F__G11_2206002587G.csv', 0.9742584251183528), ('mKat2a_20220608---Kat2a-30__Z220601-0513-Kat2a-F__F07_2206002714G.csv', 0.9183639894411856), ('mKat2a_20220608---Kat2a-25__Z220601-0513-Kat2a-F__A07_2206002709G.csv', 0.7957562567226503), ('mKat2a_20220608---Kat2a-16__Z220601-0513-Kat2a-F__G05_2206002596G.csv', 0.9576806167944758), ('mKat2a_20220608---Kat2a-14__Z220601-0513-Kat2a-F__G12_2206002594G.csv', 0.9703674801385352), ('mKat2a_20220608---Kat2a-28__Z220601-0513-Kat2a-F__D07_2206002712G.csv', 0.9351979383731046), ('mKat2a_20220608---Kat2a-3__Z220601-0513-Kat2a-F__C11_2206002583G.csv', 0.9998912705901472), ('mKat2a_20220608---Kat2a-17__Z220601-0513-Kat2a-F__A06_2206002701G.csv', 0.7971924679956056), ('mKat2a_20220608---Kat2a-6__Z220601-0513-Kat2a-F__F11_2206002586G.csv', 0.953710675674648), ('mKat2a_20220608---Kat2a-9__Z220601-0513-Kat2a-F__B12_2206002589G.csv', 0.7895535106219945), ('mKat2a_20220608---Kat2a-18__Z220601-0513-Kat2a-F__B06_2206002702G.csv', 0.7210772741584095), ('mKat2a_20220608---Kat2a-23__Z220601-0513-Kat2a-F__G06_2206002707G.csv', 0.932709270566378), ('mKat2a_20220608---Kat2a-21__Z220601-0513-Kat2a-F__E06_2206002705G.csv', 0.9684644018936248), ('mKat2a_20220608---Kat2a-12__Z220601-0513-Kat2a-F__E12_2206002592G.csv', 0.9689309358650378), ('mKat2a_20220608---Kat2a-10__Z220601-0513-Kat2a-F__C12_2206002590G.csv', 0.8997348477174122), ('mKat2a_20220608---Kat2a-5__Z220601-0513-Kat2a-F__E11_2206002585G.csv', 0.9612944702117744), ('mKat2a_20220608---Kat2a-24__Z220601-0513-Kat2a-F__H06_2206002708G.csv', 0.93616867305704), ('mKat2a_20220608---Kat2a-19__Z220601-0513-Kat2a-F__C06_2206002703G.csv', 0.9494047329226885), ('mKat2a_20220608---Kat2a-22__Z220601-0513-Kat2a-F__F06_2206002706G.csv', 0.9634788000767808), ('mKat2a_20220608---Kat2a-8__Z220601-0513-Kat2a-F__H11_2206002588G.csv', 0.4492536995325443), ('mKat2a_20220608---Kat2a-20__Z220601-0513-Kat2a-F__D06_2206002704G.csv', 0.9080666584673792), ('mKat2a_20220608---Kat2a-13__Z220601-0513-Kat2a-F__F12_2206002593G.csv', 0.9267919383720048), ('mKat2a_20220608---Kat2a-26__Z220601-0513-Kat2a-F__B07_2206002710G.csv', 0.9728011454387252), ('mKat2a_20220608---Kat2a-4__Z220601-0513-Kat2a-F__D11_2206002584G.csv', 0.940975697386566), ('mKat2a_20220608---Kat2a-27__Z220601-0513-Kat2a-F__B01_2206002711G.csv', 0.9998774382930417)]"
mIL6_20240601,1,"[('mIL6_20240601---IL6-embryonic-data-repeat.csv', 0.9305684347132688)]"
mTTN-sg9_20250417F,5,"[('mTTN-sg9_20250417F---mTTN-sg9-6_F.csv', 0.9989947511380108), ('mTTN-sg9_20250417F---mTTN-sg9-4_F.csv', 0.6604860779788757), ('mTTN-sg9_20250417F---mTTN-sg9-3_F.csv', 0.938774316488976), ('mTTN-sg9_20250417F---mTTN-sg9-2_F.csv', 0.999137495928088), ('mTTN-sg9_20250417F---mTTN-sg9-1_F.csv', 0.9720576619478564)]"
cPRDM14_20241127F,1,"[('cPRDM14_20241127F---CPRDM14-F-embryo-editing-data.csv', 0.939555107823988)]"
mCTNNB1_20220621,20,"[('mCTNNB1_20220621---Ctnnb1-27__Z220601-1101-Ctnnb1-F__E03_2206007591G.csv', 0.965580348016094), ('mCTNNB1_20220621---Ctnnb1-7__Z220601-1101-Ctnnb1-F__G09_2206007571G.csv', 0.9782905913732672), ('mCTNNB1_20220621---Ctnnb1-28__Z220601-1101-Ctnnb1-F__F03_2206007592G.csv', 0.8966070214217162), ('mCTNNB1_20220621---Ctnnb1-19__Z220601-1101-Ctnnb1-F__A03_2206007583G.csv', 0.9537117413279528), ('mCTNNB1_20220621---Ctnnb1-13__Z220601-1101-Ctnnb1-F__B04_2206007577G.csv', 0.9727325570485008), ('mCTNNB1_20220621---Ctnnb1-22__Z220601-1101-Ctnnb1-F__D03_2206007586G.csv', 0.9894919478459396), ('mCTNNB1_20220621---Ctnnb1-8__Z220601-1101-Ctnnb1-F__H02_2206007572G.csv', 0.9195833686151804), ('mCTNNB1_20220621---Ctnnb1-1__Z220601-1101-Ctnnb1-F__A09_2206007565G.csv', 0.8850419196253033), ('mCTNNB1_20220621---Ctnnb1-12__Z220601-1101-Ctnnb1-F__A04_2206007576G.csv', 0.9785756269790792), ('mCTNNB1_20220621---Ctnnb1-2__Z220601-1101-Ctnnb1-F__B09_2206007566G.csv', 0.9819902010917106), ('mCTNNB1_20220621---Ctnnb1-29__Z220601-1101-Ctnnb1-F__G03_2206007593G.csv', 0.9976737163154226), ('mCTNNB1_20220621---Ctnnb1-20__Z220601-1101-Ctnnb1-F__B03_2206007584G.csv', 0.9842698112173316), ('mCTNNB1_20220621---Ctnnb1-3__Z220601-1101-Ctnnb1-F__C09_2206007567G.csv', 0.985093104068456), ('mCTNNB1_20220621---Ctnnb1-16__Z220601-1101-Ctnnb1-F__E04_2206007580G.csv', 0.9369898108368688), ('mCTNNB1_20220621---Ctnnb1-15__Z220601-1101-Ctnnb1-F__D04_2206007579G.csv', 0.9346482124851424), ('mCTNNB1_20220621---Ctnnb1-5__Z220601-1101-Ctnnb1-F__E09_2206007569G.csv', 0.8746099956301916), ('mCTNNB1_20220621---Ctnnb1-30__Z220601-1101-Ctnnb1-F__H03_2206007594G.csv', 0.9702169458742664), ('mCTNNB1_20220621---Ctnnb1-6__Z220601-1101-Ctnnb1-F__F09_2206007570G.csv', 0.9737514608888364), ('mCTNNB1_20220621---Ctnnb1-14__Z220601-1101-Ctnnb1-F__C04_2206007578G.csv', 0.9706068008019502), ('mCTNNB1_20220621---Ctnnb1-4__Z220601-1101-Ctnnb1-F__D09_2206007568G.csv', 0.9952048235458282)]"
mEPHA2_20240730,6,"[('mEPHA2_20240730---E-40.csv', 0.7840309470626011), ('mEPHA2_20240730---E-38.csv', 0.6383595156968775), ('mEPHA2_20240730---E-36.csv', 0.834968934107922), ('mEPHA2_20240730---E-39.csv', 0.7182357601759382), ('mEPHA2_20240730---E-41.csv', 0.6966596179024759), ('mEPHA2_20240730---E-37.csv', 0.6780006231347976)]"
mGpbar1_20250602,30,"[('mGpbar1_20250602---GPBAR-20-embryo-editing-data.csv', 0.9008394874835988), ('mGpbar1_20250602---GPBAR-10-embryo-editing-data.csv', 0.9141180601616894), ('mGpbar1_20250602---GPBAR-21-embryo-editing-data.csv', 0.9627954259780896), ('mGpbar1_20250602---GPBAR-18-embryo-editing-data.csv', 0.9428417437368652), ('mGpbar1_20250602---GPBAR-15-embryo-editing-data.csv', 0.9134791297603072), ('mGpbar1_20250602---GPBAR-4-embryo-editing-data.csv', 0.9999995817092796), ('mGpbar1_20250602---GPBAR-3-embryo-editing-data.csv', 0.9999977021718812), ('mGpbar1_20250602---GPBAR-9-embryo-editing-data.csv', 0.9994097293634796), ('mGpbar1_20250602---GPBAR-34-embryo-editing-data.csv', 0.8811894547373565), ('mGpbar1_20250602---GPBAR-12-embryo-editing-data.csv', 0.9099644757523836), ('mGpbar1_20250602---GPBAR-27-embryo-editing-data.csv', 0.9999996158442744), ('mGpbar1_20250602---GPBAR-16-embryo-editing-data.csv', 0.9269552845830688), ('mGpbar1_20250602---GPBAR-24-embryo-editing-data.csv', 0.9999996158442748), ('mGpbar1_20250602---GPBAR-23-embryo-editing-data.csv', 0.9169082594747484), ('mGpbar1_20250602---GPBAR-13-embryo-editing-data.csv', 0.8975098041616515), ('mGpbar1_20250602---GPBAR-2-embryo-editing-data.csv', 0.99999957941053), ('mGpbar1_20250602---GPBAR-17-embryo-editing-data.csv', 0.976868334653888), ('mGpbar1_20250602---GPBAR-5-embryo-editing-data.csv', 0.9093422362755692), ('mGpbar1_20250602---GPBAR-14-embryo-editing-data.csv', 0.9352709541961238), ('mGpbar1_20250602---GPBAR-19-embryo-editing-data.csv', 0.9243737794781454), ('mGpbar1_20250602---GPBAR-7-embryo-editing-data.csv', 0.9517636750248022), ('mGpbar1_20250602---GPBAR-30-embryo-editing-data.csv', 0.9665327413916168), ('mGpbar1_20250602---GPBAR-33-embryo-editing-data.csv', 0.9999996158442748), ('mGpbar1_20250602---GPBAR-22-embryo-editing-data3.csv', 0.9999932194049928), ('mGpbar1_20250602---GPBAR-29-embryo-editing-data.csv', 0.938760195005624), ('mGpbar1_20250602---GPBAR-8-embryo-editing-data.csv', 0.9361680123392732), ('mGpbar1_20250602---GPBAR-28-embryo-editing-data.csv', 0.6245263179286685), ('mGpbar1_20250602---GPBAR-25-embryo-editing-data.csv', 0.9426086389301076), ('mGpbar1_20250602---GPBAR-11-embryo-editing-data.csv', 0.9272196973668788), ('mGpbar1_20250602---GPBAR-1-embryo-editing-data.csv', 0.9999995817092796)]"
mCD44_20250110,15,"[('mCD44_20250110---CD44-15_embryo-editing-data.csv', 0.927762944938641), ('mCD44_20250110---CD44-12_embryo-editing-data.csv', 0.9357824163268238), ('mCD44_20250110---CD44-16_embryo-editing-data.csv', 0.9296319602083624), ('mCD44_20250110---CD44-14_embryo-editing-data.csv', 0.9813251393440676), ('mCD44_20250110---CD44-13_embryo-editing-data.csv', 0.9899889534663376), ('mCD44_20250110---CD44-1_embryo-editing-data.csv', 0.999999745654651), ('mCD44_20250110---CD44-11_embryo-editing-data.csv', 0.9538359660220056), ('mCD44_20250110---CD44-7_embryo-editing-data.csv', 0.9323075130095072), ('mCD44_20250110---CD44-10_embryo-editing-data.csv', 0.9003849754551315), ('mCD44_20250110---CD44-8_embryo-editing-data.csv', 0.9482921584250202), ('mCD44_20250110---CD44-4_embryo-editing-data.csv', 0.9326735984408702), ('mCD44_20250110---CD44-9_embryo-editing-data.csv', 0.9629798948313212), ('mCD44_20250110---CD44-6_embryo-editing-data.csv', 0.9418623991163918), ('mCD44_20250110---CD44-3_embryo-editing-data.csv', 0.9302209749806014), ('mCD44_20250110---CD44-5_embryo-editing-data.csv', 0.9348694387358868)]"
mHV5-sg6_20240601,1,"[('mHV5-sg6_20240601---mHV5-6-Embryonic-data-repeat.csv', 0.7225905499328461)]"
mMrgpra_20240602,7,"[('mMrgpra_20240602---sample-7.csv', 0.9844915080191772), ('mMrgpra_20240602---sample-9.csv', 0.943344057982934), ('mMrgpra_20240602---sample-6.csv', 0.9996843182410232), ('mMrgpra_20240602---sample-11.csv', 0.9203578012261036), ('mMrgpra_20240602---sample-3.csv', 0.9980041703772), ('mMrgpra_20240602---sample-8.csv', 0.9998677910069748), ('mMrgpra_20240602---sample-2.csv', 0.9916113564391345)]"
mH2D1-sg2_20220412F,5,"[('mH2D1-sg2_20220412F---H2D1-sg2-3__Z220401-0545-H2D1sgF1__A10_2204003781G.csv', 0.5995854481626008), ('mH2D1-sg2_20220412F---H2D1-sg2-4__Z220401-0545-H2D1sgF1__B10_2204003782G.csv', 0.8145801035309911), ('mH2D1-sg2_20220412F---H2D1-sg2-1__Z220401-0545-H2D1sgF1__A11_2204003779G.csv', 0.8541329806842048), ('mH2D1-sg2_20220412F---H2D1-sg2-5__Z220401-0545-H2D1sgF1__A05_2204003783G.csv', 0.6963141194885438), ('mH2D1-sg2_20220412F---H2D1-sg2-6__Z220401-0545-H2D1sgF1__D10_2204003784G.csv', 0.9187012178706658)]"
mSTK4-sg2_20240722s2,7,"[('mSTK4-sg2_20240722s2---S22-single.csv', 0.9711423986694088), ('mSTK4-sg2_20240722s2---S28-single.csv', 0.7111940429029215), ('mSTK4-sg2_20240722s2---S27-single.csv', 0.9204508767143084), ('mSTK4-sg2_20240722s2---S26-single.csv', 0.9244570384000416), ('mSTK4-sg2_20240722s2---S25-single.csv', 0.9978405343667742), ('mSTK4-sg2_20240722s2---S21-single.csv', 0.6680881686026846), ('mSTK4-sg2_20240722s2---S24-single.csv', 0.6353058383386867)]"
mMettl14-sg1_20220607,61,"[('mMettl14-sg1_20220607---Mettl14-sg1-56__Z220601-0456-Mettl14-R__H11_2206002388G.csv', 0.9581598415974232), ('mMettl14-sg1_20220607---Mettl14-sg1-48__Z220601-0456-Mettl14-R__H10_2206002380G.csv', 0.9336040822713332), ('mMettl14-sg1_20220607---Mettl14-sg1-37__Z220601-0456-Mettl14-R__E09_2206002369G.csv', 0.8395562776719392), ('mMettl14-sg1_20220607---Mettl14-sg1-B7__Z220601-0456-Mettl14-R__B01_2206002395G.csv', 0.8701732652099384), ('mMettl14-sg1_20220607---Mettl14-sg1-44__Z220601-0456-Mettl14-R__D10_2206002376G.csv', 0.9660385451705388), ('mMettl14-sg1_20220607---Mettl14-sg1-22__Z220601-0456-Mettl14-R__F07_2206002354G.csv', 0.9570891986464616), ('mMettl14-sg1_20220607---Mettl14-sg1-46__Z220601-0456-Mettl14-R__F10_2206002378G.csv', 0.9594721977743728), ('mMettl14-sg1_20220607---Mettl14-sg1-38__Z220601-0456-Mettl14-R__F09_2206002370G.csv', 0.992041486533116), ('mMettl14-sg1_20220607---Mettl14-sg1-26__Z220601-0456-Mettl14-R__B08_2206002358G.csv', 0.925717047198844), ('mMettl14-sg1_20220607---Mettl14-sg1-6__Z220601-0456-Mettl14-R__F05_2206002338G.csv', 0.884551312512474), ('mMettl14-sg1_20220607---Mettl14-sg1-2__Z220601-0456-Mettl14-R__B05_2206002334G.csv', 0.9921378053001768), ('mMettl14-sg1_20220607---Mettl14-sg1-B6__Z220601-0456-Mettl14-R__G12_2206002394G.csv', 0.874673525466219), ('mMettl14-sg1_20220607---Mettl14-sg1-52__Z220601-0456-Mettl14-R__D11_2206002384G.csv', 0.9547035784707716), ('mMettl14-sg1_20220607---Mettl14-sg1-B4__Z220601-0456-Mettl14-R__E12_2206002392G.csv', 0.9354176349865112), ('mMettl14-sg1_20220607---Mettl14-sg1-11__Z220601-0456-Mettl14-R__C06_2206002343G.csv', 0.9647525642924448), ('mMettl14-sg1_20220607---Mettl14-sg1-51__Z220601-0456-Mettl14-R__C11_2206002383G.csv', 0.935881653352082), ('mMettl14-sg1_20220607---Mettl14-sg1-45__Z220601-0456-Mettl14-R__E10_2206002377G.csv', 0.9916608727353824), ('mMettl14-sg1_20220607---Mettl14-sg1-40__Z220601-0456-Mettl14-R__H09_2206002372G.csv', 0.9457541939717672), ('mMettl14-sg1_20220607---Mettl14-sg1-B5__Z220601-0456-Mettl14-R__F12_2206002393G.csv', 0.9825580699160676), ('mMettl14-sg1_20220607---Mettl14-sg1-5__Z220601-0456-Mettl14-R__E05_2206002337G.csv', 0.988896009753888), ('mMettl14-sg1_20220607---Mettl14-sg1-14__Z220601-0456-Mettl14-R__F06_2206002346G.csv', 0.9693450473405936), ('mMettl14-sg1_20220607---Mettl14-sg1-B3__Z220601-0456-Mettl14-R__D12_2206002391G.csv', 0.9418693432375428), ('mMettl14-sg1_20220607---Mettl14-sg1-34__Z220601-0456-Mettl14-R__B09_2206002366G.csv', 0.9608604819902434), ('mMettl14-sg1_20220607---Mettl14-sg1-19__Z220601-0456-Mettl14-R__C07_2206002351G.csv', 0.991972422160656), ('mMettl14-sg1_20220607---Mettl14-sg1-32__Z220601-0456-Mettl14-R__H08_2206002364G.csv', 0.5989213849406079), ('mMettl14-sg1_20220607---Mettl14-sg1-53__Z220601-0456-Mettl14-R__E11_2206002385G.csv', 0.9428942116470818), ('mMettl14-sg1_20220607---Mettl14-sg1-9__Z220601-0456-Mettl14-R__A06_2206002341G.csv', 0.66461879771689), ('mMettl14-sg1_20220607---Mettl14-sg1-B2__Z220601-0456-Mettl14-R__C12_2206002390G.csv', 0.855133963907116), ('mMettl14-sg1_20220607---Mettl14-sg1-4__Z220601-0456-Mettl14-R__D05_2206002336G.csv', 0.4829699465088357), ('mMettl14-sg1_20220607---Mettl14-sg1-7__Z220601-0456-Mettl14-R__G05_2206002339G.csv', 0.5055563822653972), ('mMettl14-sg1_20220607---Mettl14-sg1-47__Z220601-0456-Mettl14-R__G10_2206002379G.csv', 0.879806716401575), ('mMettl14-sg1_20220607---Mettl14-sg1-42__Z220601-0456-Mettl14-R__B10_2206002374G.csv', 0.9605602535699688), ('mMettl14-sg1_20220607---Mettl14-sg1-35__Z220601-0456-Mettl14-R__C09_2206002367G.csv', 0.9564356808640796), ('mMettl14-sg1_20220607---Mettl14-sg1-13__Z220601-0456-Mettl14-R__E06_2206002345G.csv', 0.9566908026809628), ('mMettl14-sg1_20220607---Mettl14-sg1-36__Z220601-0456-Mettl14-R__D09_2206002368G.csv', 0.949680929324751), ('mMettl14-sg1_20220607---Mettl14-sg1-23__Z220601-0456-Mettl14-R__G07_2206002355G.csv', 0.968880290550732), ('mMettl14-sg1_20220607---Mettl14-sg1-10__Z220601-0456-Mettl14-R__B06_2206002342G.csv', 0.9684792471181112), ('mMettl14-sg1_20220607---Mettl14-sg1-39__Z220601-0456-Mettl14-R__G09_2206002371G.csv', 0.946387112200348), ('mMettl14-sg1_20220607---Mettl14-sg1-43__Z220601-0456-Mettl14-R__C10_2206002375G.csv', 0.990893550878193), ('mMettl14-sg1_20220607---Mettl14-sg1-12__Z220601-0456-Mettl14-R__D06_2206002344G.csv', 0.7014722237623162), ('mMettl14-sg1_20220607---Mettl14-sg1-15__Z220601-0456-Mettl14-R__G06_2206002347G.csv', 0.679228758731318), ('mMettl14-sg1_20220607---Mettl14-sg1-28__Z220601-0456-Mettl14-R__D08_2206002360G.csv', 0.9076787009037568), ('mMettl14-sg1_20220607---Mettl14-sg1-17__Z220601-0456-Mettl14-R__A07_2206002349G.csv', 0.9813128170838076), ('mMettl14-sg1_20220607---Mettl14-sg1-31__Z220601-0456-Mettl14-R__G08_2206002363G.csv', 0.9180059077781756), ('mMettl14-sg1_20220607---Mettl14-sg1-27__Z220601-0456-Mettl14-R__C08_2206002359G.csv', 0.9925532930551904), ('mMettl14-sg1_20220607---Mettl14-sg1-54__Z220601-0456-Mettl14-R__F11_2206002386G.csv', 0.9233271695253438), ('mMettl14-sg1_20220607---Mettl14-sg1-18__Z220601-0456-Mettl14-R__B07_2206002350G.csv', 0.917690699864118), ('mMettl14-sg1_20220607---Mettl14-sg1-24__Z220601-0456-Mettl14-R__H07_2206002356G.csv', 0.7294612075404382), ('mMettl14-sg1_20220607---Mettl14-sg1-3__Z220601-0456-Mettl14-R__C05_2206002335G.csv', 0.95765035629779), ('mMettl14-sg1_20220607---Mettl14-sg1-33__Z220601-0456-Mettl14-R__D01_2206002365G.csv', 0.8491335179025109), ('mMettl14-sg1_20220607---Mettl14-sg1-20__Z220601-0456-Mettl14-R__D07_2206002352G.csv', 0.9927345694834152), ('mMettl14-sg1_20220607---Mettl14-sg1-50__Z220601-0456-Mettl14-R__B11_2206002382G.csv', 0.9664461719109138), ('mMettl14-sg1_20220607---Mettl14-sg1-29__Z220601-0456-Mettl14-R__E08_2206002361G.csv', 0.9423035706583082), ('mMettl14-sg1_20220607---Mettl14-sg1-41__Z220601-0456-Mettl14-R__A10_2206002373G.csv', 0.9272716640554388), ('mMettl14-sg1_20220607---Mettl14-sg1-30__Z220601-0456-Mettl14-R__F08_2206002362G.csv', 0.9922607231828006), ('mMettl14-sg1_20220607---Mettl14-sg1-25__Z220601-0456-Mettl14-R__C01_2206002357G.csv', 0.9653378574409418), ('mMettl14-sg1_20220607---Mettl14-sg1-8__Z220601-0456-Mettl14-R__H05_2206002340G.csv', 0.9920210929676002), ('mMettl14-sg1_20220607---Mettl14-sg1-B1__Z220601-0456-Mettl14-R__B12_2206002389G.csv', 0.9728929157343104), ('mMettl14-sg1_20220607---Mettl14-sg1-55__Z220601-0456-Mettl14-R__G11_2206002387G.csv', 0.9583728718889823), ('mMettl14-sg1_20220607---Mettl14-sg1-21__Z220601-0456-Mettl14-R__E07_2206002353G.csv', 0.987865222776629), ('mMettl14-sg1_20220607---Mettl14-sg1-49__Z220601-0456-Mettl14-R__A11_2206002381G.csv', 0.5541472282354996)]"
cPRDM14_20241127R,1,"[('cPRDM14_20241127R---CPRDM14-R-embryo-editing-data.csv', 0.9174142842944752)]"
mAdgre1_20240601,1,"[('mAdgre1_20240601---Adgre1-embryonic-data-repeat.csv', 0.9804834657510568)]"
mSRY_20240601,1,"[('mSRY_20240601---Sry-Embryonic-data-repeat.csv', 0.991160596179026)]"
mKat2a_20220628,10,"[('mKat2a_20220628---Kat2a-17__Z220601-1378-Kat2a-F__G11_2206009531G.csv', 0.5327217707924595), ('mKat2a_20220628---Kat2a-35__Z220601-1378-Kat2a-F__G03_2206009538G.csv', 0.9444148830860792), ('mKat2a_20220628---Kat2a-26__Z220601-1378-Kat2a-F__D03_2206009535G.csv', 0.9614494135139288), ('mKat2a_20220628---Kat2a-24__Z220601-1378-Kat2a-F__C03_2206009534G.csv', 0.9488252638782296), ('mKat2a_20220628---Kat2a-18__Z220601-1378-Kat2a-F__H11_2206009532G.csv', 0.9290946357418778), ('mKat2a_20220628---Kat2a-10__Z220601-1378-Kat2a-F__C11_2206009527G.csv', 0.972482927382628), ('mKat2a_20220628---Kat2a-16__Z220601-1378-Kat2a-F__F11_2206009530G.csv', 0.9983398696326666), ('mKat2a_20220628---Kat2a-8__Z220601-1378-Kat2a-F__A11_2206009525G.csv', 0.9067660947247664), ('mKat2a_20220628---Kat2a-33__Z220601-1378-Kat2a-F__E03_2206009536G.csv', 0.983924716138148), ('mKat2a_20220628---Kat2a-9__Z220601-1378-Kat2a-F__B11_2206009526G.csv', 0.9774642069648692)]"
mMettl14-sg2_20220607,14,"[('mMettl14-sg2_20220607---Mettl14-sg2-16__Z220601-0457-Mettl14-F2__H02_2206002516G.csv', 0.9695798899810238), ('mMettl14-sg2_20220607---Mettl14-sg2-22__Z220601-0457-Mettl14-F2__F03_2206002522G.csv', 0.9527715625997806), ('mMettl14-sg2_20220607---Mettl14-sg2-23__Z220601-0457-Mettl14-F2__G03_2206002523G.csv', 0.9400497685850292), ('mMettl14-sg2_20220607---Mettl14-sg2-1__Z220601-0457-Mettl14-F2__B01_2206002501G.csv', 0.965685676867049), ('mMettl14-sg2_20220607---Mettl14-sg2-11__Z220601-0457-Mettl14-F2__C02_2206002511G.csv', 0.8608894906154281), ('mMettl14-sg2_20220607---Mettl14-sg2-13__Z220601-0457-Mettl14-F2__E02_2206002513G.csv', 0.967471427813202), ('mMettl14-sg2_20220607---Mettl14-sg2-10__Z220601-0457-Mettl14-F2__B02_2206002510G.csv', 0.9365692914745376), ('mMettl14-sg2_20220607---Mettl14-sg2-17__Z220601-0457-Mettl14-F2__A03_2206002517G.csv', 0.933575204587423), ('mMettl14-sg2_20220607---Mettl14-sg2-12__Z220601-0457-Mettl14-F2__D02_2206002512G.csv', 0.9573378611620438), ('mMettl14-sg2_20220607---Mettl14-sg2-21__Z220601-0457-Mettl14-F2__E03_2206002521G.csv', 0.9236235169519982), ('mMettl14-sg2_20220607---Mettl14-sg2-19__Z220601-0457-Mettl14-F2__C03_2206002519G.csv', 0.9367356751610246), ('mMettl14-sg2_20220607---Mettl14-sg2-2__Z220601-0457-Mettl14-F2__C01_2206002502G.csv', 0.9195087375466136), ('mMettl14-sg2_20220607---Mettl14-sg2-14__Z220601-0457-Mettl14-F2__F02_2206002514G.csv', 0.965301391784144), ('mMettl14-sg2_20220607---Mettl14-sg2-15__Z220601-0457-Mettl14-F2__G02_2206002515G.csv', 0.9935420766105604)]"
mMettl14-sg2_20220526,16,"[('mMettl14-sg2_20220526---Mettl14-sg2-9__Z220501-0792-Mettl14-F2__A11_2205005281G.csv', 0.9979752901239448), ('mMettl14-sg2_20220526---Mettl14-sg2-8__Z220501-0792-Mettl14-F2__H10_2205005280G.csv', 0.8758980915893387), ('mMettl14-sg2_20220526---Mettl14-sg2-7__Z220501-0792-Mettl14-F2__G10_2205005279G.csv', 0.9179146559506872), ('mMettl14-sg2_20220526---Mettl14-sg2-4__Z220501-0792-Mettl14-F2__D10_2205005276G.csv', 0.4030051166421964), ('mMettl14-sg2_20220526---Mettl14-sg2-14__Z220501-0792-Mettl14-F2__F11_2205005286G.csv', 0.4186353846253645), ('mMettl14-sg2_20220526---Mettl14-sg2-15__Z220501-0792-Mettl14-F2__G11_2205005287G.csv', 0.970217788836624), ('mMettl14-sg2_20220526---Mettl14-sg2-10__Z220501-0792-Mettl14-F2__B11_2205005282G.csv', 0.9939435506494017), ('mMettl14-sg2_20220526---Mettl14-sg2-13__Z220501-0792-Mettl14-F2__E11_2205005285G.csv', 0.6269981247077389), ('mMettl14-sg2_20220526---Mettl14-sg2-B2__Z220501-0792-Mettl14-F2__D07_2205005294G.csv', 0.8329175817620641), ('mMettl14-sg2_20220526---Mettl14-sg2-2__Z220501-0792-Mettl14-F2__B10_2205005274G.csv', 0.4920902931380972), ('mMettl14-sg2_20220526---Mettl14-sg2-12__Z220501-0792-Mettl14-F2__D11_2205005284G.csv', 0.947276288622544), ('mMettl14-sg2_20220526---Mettl14-sg2-3__Z220501-0792-Mettl14-F2__C10_2205005275G.csv', 0.9632231836508818), ('mMettl14-sg2_20220526---Mettl14-sg2-17__Z220501-0792-Mettl14-F2__G12_2205005289G.csv', 0.9472828992627296), ('mMettl14-sg2_20220526---Mettl14-sg2-5__Z220501-0792-Mettl14-F2__E10_2205005277G.csv', 0.9811564067076284), ('mMettl14-sg2_20220526---Mettl14-sg2-B1__Z220501-0792-Mettl14-F2__C07_2205005293G.csv', 0.8115155391408633), ('mMettl14-sg2_20220526---Mettl14-sg2-11__Z220501-0792-Mettl14-F2__C11_2205005283G.csv', 0.965337208962096)]"
mHSP90_20250417s1,8,"[('mHSP90_20250417s1---mHSP-7.csv', 0.9999825515463896), ('mHSP90_20250417s1---mHSP-6.csv', 0.9999989661116744), ('mHSP90_20250417s1---mHSP-4.csv', 0.9523171618683912), ('mHSP90_20250417s1---mHSP-5.csv', 0.9655631732035164), ('mHSP90_20250417s1---mHSP-3.csv', 0.9658031800441308), ('mHSP90_20250417s1---mHSP-1.csv', 0.9611966519603258), ('mHSP90_20250417s1---mHSP-10.csv', 0.9999989465240768), ('mHSP90_20250417s1---mHSP-8.csv', 0.9999989661116744)]"
mSTK4-sg2_20240722s1,1,"[('mSTK4-sg2_20240722s1---S29-pool.csv', 0.924686545437348)]"
mH2D1-sg2_20240613,1,"[('mH2D1-sg2_20240613---H2D1-embryonic-edited-data.csv', 0.912140329739446)]"
mH2AB1-sg1_20220628,14,"[('mH2AB1-sg1_20220628---H2AB1-sg1-37__Z220601-1375-H2AB1sgF1__G06_2206009593G.csv', 0.999132002136221), ('mH2AB1-sg1_20220628---H2AB1-sg1-34__Z220601-1375-H2AB1sgF1__D06_2206009590G.csv', 0.9940037926580242), ('mH2AB1-sg1_20220628---H2AB1-sg1-12__Z220601-1375-H2AB1sgF1__B05_2206009568G.csv', 0.9491863278317816), ('mH2AB1-sg1_20220628---H2AB1-sg1-14__Z220601-1375-H2AB1sgF1__D05_2206009570G.csv', 0.6521424030270583), ('mH2AB1-sg1_20220628---H2AB1-sg1-7__Z220601-1375-H2AB1sgF1__A05_2206009563G.csv', 0.9536678897298384), ('mH2AB1-sg1_20220628---H2AB1-sg1-15__Z220601-1375-H2AB1sgF1__E05_2206009571G.csv', 0.999110685049441), ('mH2AB1-sg1_20220628---H2AB1-sg1-19__Z220601-1375-H2AB1sgF1__E02_2206009575G.csv', 0.954253680880908), ('mH2AB1-sg1_20220628---H2AB1-sg1-23__Z220601-1375-H2AB1sgF1__H05_2206009579G.csv', 0.997183120668466), ('mH2AB1-sg1_20220628---H2AB1-sg1-38__Z220601-1375-H2AB1sgF1__H06_2206009594G.csv', 0.998830690647036), ('mH2AB1-sg1_20220628---H2AB1-sg1-26__Z220601-1375-H2AB1sgF1__A06_2206009582G.csv', 0.9984251957256028), ('mH2AB1-sg1_20220628---H2AB1-sg1-36__Z220601-1375-H2AB1sgF1__F06_2206009592G.csv', 0.9964284252801732), ('mH2AB1-sg1_20220628---H2AB1-sg1-3__Z220601-1375-H2AB1sgF1__H04_2206009559G.csv', 0.998478787075226), ('mH2AB1-sg1_20220628---H2AB1-sg1-13__Z220601-1375-H2AB1sgF1__C05_2206009569G.csv', 0.9956002767376472), ('mH2AB1-sg1_20220628---H2AB1-sg1-20__Z220601-1375-H2AB1sgF1__F02_2206009576G.csv', 0.9977579808689192)]"
cGHR_20241127,1,"[('cGHR_20241127---CGHR-F1-embryo-editing-data.csv', 0.9240069716897836)]"
mDcbld2_2024,1,"[('mDcbld2_2024---Dcbld2-KO-seqeunce-data.csv', 0.9394724994744448)]"
sSOCS2-sg83_20240812F,12,"[('sSOCS2-sg83_20240812F---4-F.csv', 0.9339475085785638), ('sSOCS2-sg83_20240812F---15-F.csv', 0.954223295447478), ('sSOCS2-sg83_20240812F---6-F.csv', 0.0743064732236826), ('sSOCS2-sg83_20240812F---3-F.csv', 0.7762761647338584), ('sSOCS2-sg83_20240812F---7-F.csv', 0.9767673453915012), ('sSOCS2-sg83_20240812F---8-F.csv', 0.5937807717952264), ('sSOCS2-sg83_20240812F---12-F.csv', 0.9676951672883042), ('sSOCS2-sg83_20240812F---11-F.csv', 0.6748791294128308), ('sSOCS2-sg83_20240812F---1-F.csv', 0.413630000984557), ('sSOCS2-sg83_20240812F---16-F.csv', 0.5571362363995058), ('sSOCS2-sg83_20240812F---14-F.csv', 0.9441515693180952), ('sSOCS2-sg83_20240812F---10-F.csv', 0.972293304325646)]"
mGM-sg1_20240911,1,"[('mGM-sg1_20240911---GM1__Z240901-0290-GM_SP2__D02_2409001712G.csv', 0.9252870078502482)]"
