KLD_IDL,Top5_IDL,Top10_IDL,W1-distance_IDL,KL divergence,Top5 events recall,Top10 events recall,OligoID,Rep1_frameshift,Pred_frameshift,Rep1_delratio,Pred_delratio,Coll_I_Top5,Coll_I_Top10,Gene,Name,Model,Celltype,total_count,high_count,log_count,Abs. Err. Frameshift Ratio,Abs. Err. Deletion Ratio
0.1627081659471014,5,8,0.09223280646778584,0.707858145236969,4,7,Mettl14-R-sg1,0.92398304,0.9449076,0.8264777,0.8188771,4,6,Mettl14-R-sg1,inDecay_mESC_scratch,inDecay_scratch,mESC,455,True,2,0.02092456817626953,0.007600605487823486
0.37081486151462106,4,8,0.11864566824860362,0.6401698589324951,4,7,Mettl14-R-sg1,0.92398304,0.82960206,0.8264777,0.71310055,3,6,Mettl14-R-sg1,inDecay-l_iPSC_fewshot,inDecay-l_fewshot,iPSC,455,True,2,0.09438097476959229,0.1133771538734436
0.45281297579902346,4,8,0.139512920535624,0.6788284778594971,3,5,Mettl14-R-sg1,0.92398304,0.80694103,0.8264777,0.7025313,3,5,Mettl14-R-sg1,inDecay-l_mESC_fewshot,inDecay-l_fewshot,mESC,455,True,2,0.11704200506210327,0.1239464282989502
0.3461234236271201,3,7,0.07469072331024637,0.8223254978656769,2,6,Mettl14-R-sg1,0.92398304,0.87566704,0.8264777,0.86664116,3,7,Mettl14-R-sg1,inDecay_iPSC_fewshot,inDecay_fewshot,iPSC,455,True,2,0.048316001892089844,0.04016345739364624
0.34049096751508656,3,9,0.06662939219548189,0.7311026155948639,3,6,Mettl14-R-sg1,0.92398304,0.83757335,0.8264777,0.8188693,3,7,Mettl14-R-sg1,inDecay_mESC_fewshot,inDecay_fewshot,mESC,455,True,2,0.08640968799591064,0.0076084136962890625
0.23804317821539084,4,9,0.07648494990640199,0.682081401348114,3,7,Mettl14-R-sg1,0.92398304,0.94286287,0.8264777,0.70110536,3,6,Mettl14-R-sg1,inDecay-l_mESC_scratch,inDecay-l_scratch,mESC,455,True,2,0.018879830837249756,0.12537235021591187
0.2353047948055358,4,8,0.055299888222042695,0.6772668063640594,3,6,Mettl14-R-sg1,0.92398304,0.91574323,0.8264777,0.80255854,3,5,Mettl14-R-sg1,inDecay-l_iPSC_scratch,inDecay-l_scratch,iPSC,455,True,2,0.008239805698394775,0.02391916513442993
0.16986192732918365,4,8,0.07018187635987541,0.6808378398418427,3,7,Mettl14-R-sg1,0.92398304,0.9259286,0.8264777,0.87806654,3,6,Mettl14-R-sg1,inDecay_iPSC_scratch,inDecay_scratch,iPSC,455,True,2,0.0019455552101135254,0.05158883333206177
0.20142402764331818,4,7,0.05042736601679482,0.49508582055568695,4,6,Mettl14-F-sg2,0.89836633,0.87071913,0.8680856,0.7895288,4,6,Mettl14-F-sg2,inDecay_mESC_scratch,inDecay_scratch,mESC,394,True,2,0.027647197246551514,0.0785568356513977
0.44810899077814625,3,8,0.06456766383211238,0.6102817058563232,1,5,Mettl14-F-sg2,0.89836633,0.7875682,0.8680856,0.87723386,2,5,Mettl14-F-sg2,inDecay_iPSC_fewshot,inDecay_fewshot,iPSC,394,True,2,0.11079812049865723,0.009148240089416504
0.35746023105369323,4,7,0.06846104102568126,0.5512247830629349,3,5,Mettl14-F-sg2,0.89836633,0.80848026,0.8680856,0.8739444,3,5,Mettl14-F-sg2,inDecay-l_mESC_fewshot,inDecay-l_fewshot,mESC,394,True,2,0.08988606929779053,0.005858778953552246
0.22871491203520208,4,8,0.03200981976681169,0.5077967494726181,4,5,Mettl14-F-sg2,0.89836633,0.83895683,0.8680856,0.8962457,4,5,Mettl14-F-sg2,inDecay_iPSC_scratch,inDecay_scratch,iPSC,394,True,2,0.059409499168395996,0.02816009521484375
0.19919819004153405,4,8,0.05837854194844702,0.43654245138168335,3,6,Mettl14-F-sg2,0.89836633,0.8338906,0.8680856,0.8571546,3,6,Mettl14-F-sg2,inDecay-l_iPSC_scratch,inDecay-l_scratch,iPSC,394,True,2,0.06447571516036987,0.010931015014648438
0.4174912030597206,2,8,0.05229974616709575,0.6063856780529022,1,4,Mettl14-F-sg2,0.89836633,0.8099577,0.8680856,0.87274754,2,5,Mettl14-F-sg2,inDecay_mESC_fewshot,inDecay_fewshot,mESC,394,True,2,0.08840864896774292,0.004661917686462402
0.333362821059063,3,7,0.054176891401210306,0.524673655629158,2,5,Mettl14-F-sg2,0.89836633,0.8127605,0.8680856,0.8610398,3,5,Mettl14-F-sg2,inDecay-l_iPSC_fewshot,inDecay-l_fewshot,iPSC,394,True,2,0.08560585975646973,0.00704580545425415
0.2266418818115975,4,8,0.06616295530708917,0.4646805077791214,3,6,Mettl14-F-sg2,0.89836633,0.8606941,0.8680856,0.726605,3,6,Mettl14-F-sg2,inDecay-l_mESC_scratch,inDecay-l_scratch,mESC,394,True,2,0.037672221660614014,0.14148062467575073
1.199947963186561,3,9,0.19620562639814174,2.258979082107544,0,6,Rag1,0.8559901,0.9107997,0.7647059,0.9440555,1,9,Rag1,inDecay_mESC_scratch,inDecay_scratch,mESC,160,True,2,0.0548095703125,0.1793496012687683
0.6606895452068575,3,9,0.1069317714203572,0.7956574857234955,0,6,Rag1,0.8559901,0.6926419,0.7647059,0.7409544,1,8,Rag1,inDecay-l_mESC_fewshot,inDecay-l_fewshot,mESC,160,True,2,0.16334819793701172,0.023751497268676758
0.6454863682861507,3,10,0.09562784598243157,0.7842969000339508,0,6,Rag1,0.8559901,0.6917232,0.7647059,0.7003177,1,8,Rag1,inDecay-l_iPSC_fewshot,inDecay-l_fewshot,iPSC,160,True,2,0.16426688432693481,0.0643882155418396
0.1921025956453234,3,9,0.04700443980792577,0.41484756767749786,2,6,Rag1,0.8559901,0.85848486,0.7647059,0.6869947,2,8,Rag1,inDecay_mESC_fewshot,inDecay_fewshot,mESC,160,True,2,0.0024947524070739746,0.07771122455596924
1.049366852718212,3,9,0.1864318618964712,2.0121047496795654,0,6,Rag1,0.8559901,0.9420942,0.7647059,0.95645905,1,9,Rag1,inDecay-l_iPSC_scratch,inDecay-l_scratch,iPSC,160,True,2,0.08610409498214722,0.19175314903259277
0.19400251901222976,3,9,0.04408949649716347,0.4252544939517975,2,6,Rag1,0.8559901,0.85132754,0.7647059,0.69828844,2,9,Rag1,inDecay_iPSC_fewshot,inDecay_fewshot,iPSC,160,True,2,0.004662573337554932,0.06641745567321777
1.1390692940269114,3,9,0.19223720157932764,2.1705623269081116,0,6,Rag1,0.8559901,0.899461,0.7647059,0.9602027,1,9,Rag1,inDecay_iPSC_scratch,inDecay_scratch,iPSC,160,True,2,0.04347085952758789,0.1954967975616455
1.0626106800114559,3,9,0.19918979646802296,2.0572774410247803,0,6,Rag1,0.8559901,0.9582141,0.7647059,0.9509604,1,9,Rag1,inDecay-l_mESC_scratch,inDecay-l_scratch,mESC,160,True,2,0.10222399234771729,0.18625450134277344
0.5675926864453533,3,9,0.12198449468477689,0.7349392771720886,3,5,Kat2a_F_sg1,0.8753356,0.83344734,0.92015725,0.86087704,3,5,Kat2a_F_sg1,inDecay_iPSC_fewshot,inDecay_fewshot,iPSC,134,True,2,0.04188823699951172,0.059280216693878174
0.58231032650533,3,8,0.12616383233406214,0.8059130311012268,3,4,Kat2a_F_sg1,0.8753356,0.82231385,0.92015725,0.8339304,3,4,Kat2a_F_sg1,inDecay_mESC_fewshot,inDecay_fewshot,mESC,134,True,2,0.05302172899246216,0.08622688055038452
1.8409677242630869,3,6,0.1867966043092371,1.9526383876800537,3,5,Kat2a_F_sg1,0.8753356,0.97625023,0.92015725,0.8661024,3,4,Kat2a_F_sg1,inDecay-l_mESC_scratch,inDecay-l_scratch,mESC,134,True,2,0.10091465711593628,0.054054856300354004
0.8043417839227409,3,7,0.14185564546517476,1.0660343170166016,3,5,Kat2a_F_sg1,0.8753356,0.88570917,0.92015725,0.63101596,3,5,Kat2a_F_sg1,inDecay-l_iPSC_fewshot,inDecay-l_fewshot,iPSC,134,True,2,0.010373592376708984,0.28914129734039307
1.5645674644903633,3,7,0.17504785864893324,1.693558156490326,3,5,Kat2a_F_sg1,0.8753356,0.95138955,0.92015725,0.93681675,3,5,Kat2a_F_sg1,inDecay_mESC_scratch,inDecay_scratch,mESC,134,True,2,0.07605397701263428,0.01665949821472168
1.674503372220426,3,7,0.18490287947991785,1.8086531162261963,3,5,Kat2a_F_sg1,0.8753356,0.96123546,0.92015725,0.9548661,3,5,Kat2a_F_sg1,inDecay_iPSC_scratch,inDecay_scratch,iPSC,134,True,2,0.08589988946914673,0.03470885753631592
0.8363223244750402,3,7,0.14160061364305515,1.0801042020320892,3,5,Kat2a_F_sg1,0.8753356,0.8670565,0.92015725,0.67431855,3,5,Kat2a_F_sg1,inDecay-l_mESC_fewshot,inDecay-l_fewshot,mESC,134,True,2,0.008279085159301758,0.2458387017250061
1.9684098572815303,3,6,0.18923035610550476,2.078583538532257,3,5,Kat2a_F_sg1,0.8753356,0.9765745,0.92015725,0.9114327,3,4,Kat2a_F_sg1,inDecay-l_iPSC_scratch,inDecay-l_scratch,iPSC,134,True,2,0.1012389063835144,0.008724570274353027
0.3066316107056581,3,8,0.17185539727875637,0.3478598892688751,2,7,CTNNB1_R_sg1,0.89078736,0.97589505,0.9403609,0.9938868,2,7,CTNNB1_R_sg1,inDecay-l_iPSC_scratch,inDecay-l_scratch,iPSC,100,False,2,0.08510768413543701,0.05352592468261719
0.22924204284036037,3,8,0.14537962991978476,0.2561183571815491,2,7,CTNNB1_R_sg1,0.89078736,0.9697967,0.9403609,0.98433256,2,7,CTNNB1_R_sg1,inDecay_mESC_scratch,inDecay_scratch,mESC,100,False,2,0.07900935411453247,0.04397165775299072
0.28501754436421844,4,7,0.1870267616604767,0.393181174993515,2,7,CTNNB1_R_sg1,0.89078736,0.8322531,0.9403609,0.9461751,3,7,CTNNB1_R_sg1,inDecay-l_iPSC_fewshot,inDecay-l_fewshot,iPSC,100,False,2,0.05853426456451416,0.005814194679260254
0.7486255983503285,4,8,0.3661324078698888,0.929625540971756,2,6,CTNNB1_R_sg1,0.89078736,0.7511829,0.9403609,0.91643393,3,6,CTNNB1_R_sg1,inDecay_iPSC_fewshot,inDecay_fewshot,iPSC,100,False,2,0.13960444927215576,0.023926973342895508
0.11867955354413204,4,8,0.04112237882212285,0.22693785279989243,2,7,CTNNB1_R_sg1,0.89078736,0.9011893,0.9403609,0.9592476,3,7,CTNNB1_R_sg1,inDecay-l_mESC_fewshot,inDecay-l_fewshot,mESC,100,False,2,0.01040196418762207,0.018886685371398926
0.2520541201611527,4,8,0.13111481557906413,0.29801204800605774,3,7,CTNNB1_R_sg1,0.89078736,0.9736359,0.9403609,0.9849903,2,7,CTNNB1_R_sg1,inDecay_iPSC_scratch,inDecay_scratch,iPSC,100,False,2,0.08284854888916016,0.04462939500808716
0.9459883160201388,4,7,0.4054485598996333,1.0857516527175903,4,7,CTNNB1_R_sg1,0.89078736,0.7677558,0.9403609,0.8918356,4,7,CTNNB1_R_sg1,inDecay_mESC_fewshot,inDecay_fewshot,mESC,100,False,2,0.12303155660629272,0.048525333404541016
0.263646061246568,2,8,0.1639487504490973,0.294975645840168,2,7,CTNNB1_R_sg1,0.89078736,0.97056276,0.9403609,0.99249405,2,7,CTNNB1_R_sg1,inDecay-l_mESC_scratch,inDecay-l_scratch,mESC,100,False,2,0.07977539300918579,0.052133142948150635
0.19852514056989165,3,9,0.10370234142757906,0.19852513074874878,3,10,mHV5sg6,0.87885225,0.9754459,0.7768332,0.8249775,3,10,mHV5sg6,inDecay-l_iPSC_fewshot,inDecay-l_fewshot,iPSC,80,False,1,0.09659367799758911,0.04814434051513672
1.0880627670781862,3,10,0.26595338210670766,1.0880627036094666,3,10,mHV5sg6,0.87885225,0.9968307,0.7768332,0.963323,3,10,mHV5sg6,inDecay-l_mESC_scratch,inDecay-l_scratch,mESC,80,False,1,0.11797845363616943,0.18648982048034668
0.22304551967555178,3,10,0.07894326550794122,0.22304552048444748,3,10,mHV5sg6,0.87885225,0.9508749,0.7768332,0.71693707,3,10,mHV5sg6,inDecay_mESC_fewshot,inDecay_fewshot,mESC,80,False,1,0.07202267646789551,0.059896111488342285
1.2719305497693298,3,10,0.27453164232114285,1.2719304859638214,3,10,mHV5sg6,0.87885225,0.9986619,0.7768332,0.9734482,3,10,mHV5sg6,inDecay-l_iPSC_scratch,inDecay-l_scratch,iPSC,80,False,1,0.11980962753295898,0.1966150403022766
1.2716042147664044,3,10,0.2706010275847425,1.2716040909290314,3,10,mHV5sg6,0.87885225,0.998488,0.7768332,0.96139747,3,10,mHV5sg6,inDecay_mESC_scratch,inDecay_scratch,mESC,80,False,1,0.11963576078414917,0.18456429243087769
0.1774993922648885,3,8,0.057761280460890164,0.17749939858913422,3,10,mHV5sg6,0.87885225,0.95452833,0.7768332,0.7016101,3,10,mHV5sg6,inDecay_iPSC_fewshot,inDecay_fewshot,iPSC,80,False,1,0.0756760835647583,0.07522308826446533
0.19740639159989093,3,8,0.10176247243412459,0.1974063664674759,3,10,mHV5sg6,0.87885225,0.97455764,0.7768332,0.7962731,3,10,mHV5sg6,inDecay-l_mESC_fewshot,inDecay-l_fewshot,mESC,80,False,1,0.09570538997650146,0.0194399356842041
1.3941474205775577,3,10,0.27471831052617424,1.3941473364830017,3,10,mHV5sg6,0.87885225,0.99935347,0.7768332,0.9717129,3,10,mHV5sg6,inDecay_iPSC_scratch,inDecay_scratch,iPSC,80,False,1,0.12050122022628784,0.1948797106742859
1.4677415682873964,4,10,0.314629866842818,1.4677415490150452,4,10,H2AB1,0.6169312,0.98716533,0.9502646,0.9907797,4,10,H2AB1,inDecay-l_iPSC_scratch,inDecay-l_scratch,iPSC,60,False,1,0.3702341318130493,0.040515124797821045
0.24474012082381524,5,10,0.11781656763633643,0.24474011361598969,4,10,IL6,0.7783985,0.5980665,0.68901306,0.8832321,4,10,IL6,inDecay-l_iPSC_fewshot,inDecay-l_fewshot,iPSC,60,False,1,0.1803320050239563,0.19421905279159546
0.293497419387016,5,10,0.13187693790829563,0.2934974133968353,4,10,IL6,0.7783985,0.81007516,0.68901306,0.86106753,4,10,IL6,inDecay-l_iPSC_scratch,inDecay-l_scratch,iPSC,60,False,1,0.031676650047302246,0.1720544695854187
0.385828757318466,4,10,0.1673887360170815,0.38582876324653625,4,10,H2AB1,0.6169312,0.8579567,0.9502646,0.8829787,4,10,H2AB1,inDecay-l_iPSC_fewshot,inDecay-l_fewshot,iPSC,60,False,1,0.24102550745010376,0.06728589534759521
0.46884278312340194,4,10,0.18571422307224192,0.4688427746295929,4,10,H2AB1,0.6169312,0.86772823,0.9502646,0.9119697,4,10,H2AB1,inDecay-l_mESC_fewshot,inDecay-l_fewshot,mESC,60,False,1,0.2507970333099365,0.038294851779937744
0.12470525648207062,4,10,0.0610966791960606,0.1247052550315857,4,10,IL6,0.7783985,0.8711766,0.68901306,0.6992905,4,10,IL6,inDecay_mESC_scratch,inDecay_scratch,mESC,60,False,1,0.09277808666229248,0.01027745008468628
1.5232711196341067,4,10,0.31593632074610745,1.5232711434364319,4,10,H2AB1,0.6169312,0.9912968,0.9502646,0.9871472,4,10,H2AB1,inDecay_mESC_scratch,inDecay_scratch,mESC,60,False,1,0.3743656277656555,0.036882638931274414
0.08257120598991713,4,10,0.05031086004286686,0.08257120847702026,4,10,IL6,0.7783985,0.73270214,0.68901306,0.6576077,4,10,IL6,inDecay_mESC_fewshot,inDecay_fewshot,mESC,60,False,1,0.045696377754211426,0.03140538930892944
0.598171382784811,4,10,0.21430317524186387,0.5981713831424713,4,10,H2AB1,0.6169312,0.92821693,0.9502646,0.8470218,4,10,H2AB1,inDecay_mESC_fewshot,inDecay_fewshot,mESC,60,False,1,0.31128573417663574,0.10324275493621826
0.2370541058804193,5,10,0.11955267481635287,0.23705409467220306,4,10,IL6,0.7783985,0.6433784,0.68901306,0.87700504,4,10,IL6,inDecay-l_mESC_fewshot,inDecay-l_fewshot,mESC,60,False,1,0.13502013683319092,0.18799197673797607
0.3118042207602171,5,10,0.1294395357834512,0.3118041902780533,4,10,IL6,0.7783985,0.85708237,0.68901306,0.8214343,4,10,IL6,inDecay_iPSC_scratch,inDecay_scratch,iPSC,60,False,1,0.07868385314941406,0.13242125511169434
1.4732121205676512,4,10,0.31063245658206606,1.4732121527194977,4,10,H2AB1,0.6169312,0.9884804,0.9502646,0.9879397,4,10,H2AB1,inDecay_iPSC_scratch,inDecay_scratch,iPSC,60,False,1,0.37154918909072876,0.03767514228820801
0.06818263546344513,4,10,0.055193758972071794,0.06818263977766037,4,10,IL6,0.7783985,0.68623555,0.68901306,0.6641481,4,10,IL6,inDecay_iPSC_fewshot,inDecay_fewshot,iPSC,60,False,1,0.09216296672821045,0.02486497163772583
0.8776016570314584,4,10,0.2674610207676938,0.8776016235351562,4,10,H2AB1,0.6169312,0.9599961,0.9502646,0.92419386,4,10,H2AB1,inDecay_iPSC_fewshot,inDecay_fewshot,iPSC,60,False,1,0.34306490421295166,0.026070713996887207
1.4704388629433307,4,10,0.3155203367102585,1.470438838005066,4,10,H2AB1,0.6169312,0.98836607,0.9502646,0.98965114,4,10,H2AB1,inDecay-l_mESC_scratch,inDecay-l_scratch,mESC,60,False,1,0.37143486738204956,0.0393865704536438
0.1701748042913857,5,10,0.093946822842923,0.17017479240894318,4,10,IL6,0.7783985,0.81790817,0.68901306,0.7957078,4,10,IL6,inDecay-l_mESC_scratch,inDecay-l_scratch,mESC,60,False,1,0.03950965404510498,0.10669475793838501
0.4776864011519741,4,8,0.3361559493260374,0.599714457988739,4,9,Adam6_F_sg1,0.9962881,0.98240334,0.8229156,0.56987774,3,10,Adam6_F_sg1,inDecay_mESC_fewshot,inDecay_fewshot,mESC,52,False,1,0.013884782791137695,0.25303786993026733
0.12347918587684437,4,10,0.08779545914233847,0.2168021872639656,4,8,Adam6_F_sg1,0.9962881,0.99809194,0.8229156,0.9042339,4,10,Adam6_F_sg1,inDecay_iPSC_scratch,inDecay_scratch,iPSC,52,False,1,0.0018038153648376465,0.08131825923919678
0.5414617285649075,4,8,0.3325087073357832,0.6612182259559631,4,9,Adam6_F_sg1,0.9962881,0.9535347,0.8229156,0.62828714,3,10,Adam6_F_sg1,inDecay_iPSC_fewshot,inDecay_fewshot,iPSC,52,False,1,0.042753398418426514,0.19462847709655762
0.5525496876062677,4,10,0.3361383378421867,0.6113130450248718,3,8,Adam6_F_sg1,0.9962881,0.9493929,0.8229156,0.6099336,3,10,Adam6_F_sg1,inDecay-l_iPSC_fewshot,inDecay-l_fewshot,iPSC,52,False,1,0.04689520597457886,0.21298199892044067
0.09950096717892587,4,10,0.045944656969809886,0.18141402304172516,4,8,Adam6_F_sg1,0.9962881,0.9977039,0.8229156,0.7696991,4,10,Adam6_F_sg1,inDecay-l_mESC_scratch,inDecay-l_scratch,mESC,52,False,1,0.0014157891273498535,0.053216516971588135
0.05954461545036761,4,10,0.04236746633155451,0.1542644128203392,4,8,Adam6_F_sg1,0.9962881,0.99704766,0.8229156,0.8494348,4,10,Adam6_F_sg1,inDecay_mESC_scratch,inDecay_scratch,mESC,52,False,1,0.0007595419883728027,0.026519179344177246
0.13823605458622368,5,10,0.06521692230599122,0.2168738767504692,4,9,Adam6_F_sg1,0.9962881,0.99870145,0.8229156,0.8851423,4,10,Adam6_F_sg1,inDecay-l_iPSC_scratch,inDecay-l_scratch,iPSC,52,False,1,0.002413332462310791,0.062226712703704834
0.5404217370495484,3,9,0.302540797661263,0.5822348147630692,3,8,Adam6_F_sg1,0.9962881,0.9447868,0.8229156,0.6624008,3,10,Adam6_F_sg1,inDecay-l_mESC_fewshot,inDecay-l_fewshot,mESC,52,False,1,0.051501333713531494,0.16051483154296875
0.4496136667090109,3,9,0.08922640617145558,0.6541008651256561,2,7,ELF5_F_sg1,0.6577575,0.7528635,0.83529985,0.8789564,2,8,ELF5_F_sg1,inDecay_mESC_fewshot,inDecay_fewshot,mESC,51,False,1,0.09510600566864014,0.04365652799606323
0.748135941585554,3,9,0.11022186355753286,0.8685840666294098,3,7,ELF5_F_sg1,0.6577575,0.82427406,0.83529985,0.8345319,3,8,ELF5_F_sg1,inDecay-l_iPSC_fewshot,inDecay-l_fewshot,iPSC,51,False,1,0.16651654243469238,0.0007679462432861328
0.3595208502831776,2,9,0.08655328776967908,0.6160598397254944,2,6,ELF5_F_sg1,0.6577575,0.67922854,0.83529985,0.8753914,2,7,ELF5_F_sg1,inDecay_iPSC_fewshot,inDecay_fewshot,iPSC,51,False,1,0.021471023559570312,0.04009157419204712
2.355221768264067,4,8,0.1611634341885297,2.438232660293579,3,7,ELF5_F_sg1,0.6577575,0.9858523,0.83529985,0.9636391,3,7,ELF5_F_sg1,inDecay-l_iPSC_scratch,inDecay-l_scratch,iPSC,51,False,1,0.3280947804450989,0.1283392310142517
2.498819931993215,4,9,0.15947613386708906,2.610913872718811,4,8,ELF5_F_sg1,0.6577575,0.9906571,0.83529985,0.97085756,4,8,ELF5_F_sg1,inDecay_mESC_scratch,inDecay_scratch,mESC,51,False,1,0.3328995704650879,0.13555771112442017
2.076749618143468,4,9,0.15399306118325962,2.1479036808013916,3,7,ELF5_F_sg1,0.6577575,0.97925895,0.83529985,0.9310573,3,7,ELF5_F_sg1,inDecay-l_mESC_scratch,inDecay-l_scratch,mESC,51,False,1,0.3215014338493347,0.09575742483139038
2.820018464510178,4,9,0.16844858628175466,2.9391053915023804,3,8,ELF5_F_sg1,0.6577575,0.9952315,0.83529985,0.98204136,3,8,ELF5_F_sg1,inDecay_iPSC_scratch,inDecay_scratch,iPSC,51,False,1,0.33747398853302,0.14674150943756104
0.5482536309559967,3,9,0.09872789599151287,0.6895334422588348,3,7,ELF5_F_sg1,0.6577575,0.7686458,0.83529985,0.77887,3,8,ELF5_F_sg1,inDecay-l_mESC_fewshot,inDecay-l_fewshot,mESC,51,False,1,0.11088830232620239,0.05642986297607422
0.9524657522859539,5,9,0.21151006684654577,0.9524657428264618,5,10,IL5,0.831,0.84108955,0.592,0.25934085,5,10,IL5,inDecay_mESC_scratch,inDecay_scratch,mESC,50,False,1,0.010089576244354248,0.33265915513038635
0.0923496938256085,5,10,0.1298322410868108,0.09234969690442085,5,10,IL7,0.927,0.97524565,0.692,0.8212873,5,10,IL7,inDecay-l_mESC_fewshot,inDecay-l_fewshot,mESC,50,False,1,0.04824566841125488,0.12928730249404907
0.301789846209472,5,10,0.1857058884599553,0.3017898499965668,5,10,IL7,0.927,0.9989286,0.692,0.8148071,5,10,IL7,inDecay_mESC_scratch,inDecay_scratch,mESC,50,False,1,0.07192862033843994,0.12280714511871338
0.546050776058224,5,9,0.19740116521639,0.5460508167743683,5,10,IL5,0.831,0.86585784,0.592,0.2778046,5,10,IL5,inDecay-l_mESC_fewshot,inDecay-l_fewshot,mESC,50,False,1,0.034857869148254395,0.3141953945159912
0.5809418079707642,5,10,0.29955379731781595,0.5809418261051178,5,10,IL7,0.927,0.9971571,0.692,0.9419436,5,10,IL7,inDecay-l_iPSC_scratch,inDecay-l_scratch,iPSC,50,False,1,0.07015711069107056,0.24994361400604248
0.3414161296440234,5,10,0.24477158199568091,0.3414161503314972,5,10,IL7,0.927,0.98266906,0.692,0.93355495,5,10,IL7,inDecay_mESC_fewshot,inDecay_fewshot,mESC,50,False,1,0.05566906929016113,0.24155497550964355
0.148567594135129,5,10,0.15462633982539176,0.14856760203838348,5,10,IL7,0.927,0.9831201,0.692,0.8608599,5,10,IL7,inDecay-l_iPSC_fewshot,inDecay-l_fewshot,iPSC,50,False,1,0.056120097637176514,0.16885989904403687
0.40320193863057746,5,10,0.22843258575818778,0.4032019376754761,5,10,IL7,0.927,0.9983672,0.692,0.8487939,5,10,IL7,inDecay-l_mESC_scratch,inDecay-l_scratch,mESC,50,False,1,0.07136720418930054,0.15679395198822021
0.4674170207150835,5,10,0.2691187662269529,0.46741703152656555,5,10,IL7,0.927,0.99800235,0.692,0.92535067,5,10,IL7,inDecay_iPSC_scratch,inDecay_scratch,iPSC,50,False,1,0.07100236415863037,0.2333506941795349
1.1140145721178853,5,9,0.2693152323179967,1.1140146255493164,5,10,IL5,0.831,0.9542095,0.592,0.1407232,5,10,IL5,inDecay-l_mESC_scratch,inDecay-l_scratch,mESC,50,False,1,0.12320953607559204,0.4512768089771271
0.1745516065382698,5,9,0.07815349228340387,0.17455162107944489,5,10,IL5,0.831,0.6335707,0.592,0.6980958,5,10,IL5,inDecay_iPSC_fewshot,inDecay_fewshot,iPSC,50,False,1,0.19742929935455322,0.10609579086303711
0.39163869097317017,5,10,0.2607385310022235,0.39163869619369507,5,10,IL7,0.927,0.98380864,0.692,0.936448,5,10,IL7,inDecay_iPSC_fewshot,inDecay_fewshot,iPSC,50,False,1,0.056808650493621826,0.2444480061531067
0.7170544016518855,5,9,0.14187031696016808,0.7170544415712357,5,10,IL5,0.831,0.6713153,0.592,0.5039858,5,10,IL5,inDecay_iPSC_scratch,inDecay_scratch,iPSC,50,False,1,0.1596846580505371,0.08801418542861938
0.17882267211337882,5,9,0.06675725367492438,0.17882266640663147,5,10,IL5,0.831,0.68211675,0.592,0.6484974,5,10,IL5,inDecay_mESC_fewshot,inDecay_fewshot,mESC,50,False,1,0.14888322353363037,0.056497395038604736
0.5237195159105262,5,9,0.1962025134010911,0.5237195193767548,5,10,IL5,0.831,0.87895936,0.592,0.27795723,5,10,IL5,inDecay-l_iPSC_fewshot,inDecay-l_fewshot,iPSC,50,False,1,0.04795938730239868,0.3140427768230438
0.6664011405610433,5,9,0.13841747123420658,0.666401132941246,5,10,IL5,0.831,0.84288096,0.592,0.39016938,5,10,IL5,inDecay-l_iPSC_scratch,inDecay-l_scratch,iPSC,50,False,1,0.011880993843078613,0.20183062553405762
2.094658123046935,4,9,0.6194032969548113,2.1585298776626587,3,10,PDL-1,0.9976901,0.97405636,0.8920308,0.1737057,4,10,PDL-1,inDecay-l_mESC_fewshot,inDecay-l_fewshot,mESC,43,False,1,0.023633718490600586,0.7183250784873962
1.6213983808255183,4,9,0.5828470793774934,1.6497663855552673,3,10,PDL-1,0.9976901,0.965225,0.8920308,0.27707565,4,10,PDL-1,inDecay-l_iPSC_fewshot,inDecay-l_fewshot,iPSC,43,False,1,0.03246510028839111,0.6149551272392273
1.0879960356254985,4,9,0.5266155304394736,1.0909216403961182,3,10,PDL-1,0.9976901,0.94413745,0.8920308,0.4760397,4,10,PDL-1,inDecay_mESC_fewshot,inDecay_fewshot,mESC,43,False,1,0.05355262756347656,0.41599106788635254
1.3165347766796498,3,9,0.5601030978801096,1.3258651494979858,3,10,PDL-1,0.9976901,0.9390998,0.8920308,0.42246622,3,10,PDL-1,inDecay_iPSC_fewshot,inDecay_fewshot,iPSC,43,False,1,0.05859029293060303,0.4695645570755005
3.1507142331285696,3,9,0.6551952583937632,3.315185308456421,2,10,PDL-1,0.9976901,0.99441314,0.8920308,0.028854288,3,10,PDL-1,inDecay-l_mESC_scratch,inDecay-l_scratch,mESC,43,False,1,0.0032769441604614258,0.8631764873862267
3.243979854203355,3,9,0.6563696563155268,3.426903247833252,2,10,PDL-1,0.9976901,0.9932355,0.8920308,0.026623838,3,10,PDL-1,inDecay_mESC_scratch,inDecay_scratch,mESC,43,False,1,0.004454553127288818,0.8654069378972054
2.6712163622636487,3,9,0.6388174130309375,2.8170859813690186,2,10,PDL-1,0.9976901,0.97648895,0.8920308,0.08239671,3,10,PDL-1,inDecay_iPSC_scratch,inDecay_scratch,iPSC,43,False,1,0.021201133728027344,0.8096340671181679
2.606124562542102,3,9,0.6372880460650083,2.724728226661682,2,10,PDL-1,0.9976901,0.97921,0.8920308,0.08706623,3,10,PDL-1,inDecay-l_iPSC_scratch,inDecay-l_scratch,iPSC,43,False,1,0.01848006248474121,0.804964542388916
0.15928343551842972,4,10,0.15225516040551149,0.17697332054376602,4,9,H2AB1_F_sg1,0.9408432,0.97195655,0.9341239,0.9500685,4,9,H2AB1_F_sg1,inDecay_mESC_scratch,inDecay_scratch,mESC,41,False,1,0.03111332654953003,0.015944600105285645
0.30770997086960833,3,10,0.21556610829642112,0.32582198083400726,3,8,H2AB1_F_sg1,0.9408432,0.8124107,0.9341239,0.953709,3,8,H2AB1_F_sg1,inDecay_mESC_fewshot,inDecay_fewshot,mESC,41,False,1,0.1284325122833252,0.019585132598876953
0.19931413276527885,4,10,0.15671059220949762,0.21368903666734695,4,9,H2AB1_F_sg1,0.9408432,0.967333,0.9341239,0.9390189,4,9,H2AB1_F_sg1,inDecay-l_mESC_scratch,inDecay-l_scratch,mESC,41,False,1,0.02648979425430298,0.004895031452178955
0.6103789799034998,3,9,0.25429253462070917,0.6192081868648529,2,8,H2AB1_F_sg1,0.9408432,0.68081015,0.9341239,0.9598297,2,8,H2AB1_F_sg1,inDecay-l_mESC_fewshot,inDecay-l_fewshot,mESC,41,False,1,0.2600330710411072,0.025705814361572266
0.5935440871181143,4,9,0.30522145595192035,0.5956303179264069,4,10,H2AB1_F_sg1,0.9408432,0.81645244,0.9341239,0.9091491,4,10,H2AB1_F_sg1,inDecay_iPSC_fewshot,inDecay_fewshot,iPSC,41,False,1,0.12439078092575073,0.0249747633934021
0.1635201307782656,4,10,0.148642785972644,0.1860920488834381,3,9,H2AB1_F_sg1,0.9408432,0.9633419,0.9341239,0.9770814,3,9,H2AB1_F_sg1,inDecay_iPSC_scratch,inDecay_scratch,iPSC,41,False,1,0.022498667240142822,0.04295754432678223
0.22015693015250404,4,10,0.17072466730355568,0.23818181455135345,4,9,H2AB1_F_sg1,0.9408432,0.95653856,0.9341239,0.97010815,4,9,H2AB1_F_sg1,inDecay-l_iPSC_scratch,inDecay-l_scratch,iPSC,41,False,1,0.01569533348083496,0.03598427772521973
0.580971150783893,3,9,0.2497503935717659,0.5957532823085785,2,8,H2AB1_F_sg1,0.9408432,0.7114106,0.9341239,0.95073235,2,8,H2AB1_F_sg1,inDecay-l_iPSC_fewshot,inDecay-l_fewshot,iPSC,41,False,1,0.22943264245986938,0.016608476638793945
0.5265396489137346,5,10,0.14866454497873724,0.5265396982431412,5,10,mHV5sg2,0.6969178,0.98570734,0.71746576,0.63765854,5,10,mHV5sg2,inDecay-l_mESC_scratch,inDecay-l_scratch,mESC,40,False,1,0.2887895703315735,0.07980722188949585
0.914909476463261,5,10,0.21238879134728786,0.9149095714092255,5,10,mHV5sg2,0.6969178,0.99776745,0.71746576,0.5252574,5,10,mHV5sg2,inDecay_iPSC_scratch,inDecay_scratch,iPSC,40,False,1,0.30084967613220215,0.19220834970474243
0.4052050103172628,5,10,0.22036858371386384,0.46367454528808594,2,9,H2AB1_R_sg2,0.8219933,0.95319444,0.95089465,0.99411714,2,9,H2AB1_R_sg2,inDecay_iPSC_scratch,inDecay_scratch,iPSC,40,False,1,0.1312011480331421,0.04322248697280884
0.11688096206641652,5,10,0.11746223446794046,0.1400800570845604,3,9,H2AB1_R_sg2,0.8219933,0.7758131,0.95089465,0.9146228,3,9,H2AB1_R_sg2,inDecay_iPSC_fewshot,inDecay_fewshot,iPSC,40,False,1,0.04618018865585327,0.036271870136260986
0.04661765484427363,5,10,0.04653807816454409,0.11284917965531349,2,9,H2AB1_R_sg2,0.8219933,0.8553007,0.95089465,0.9711017,2,9,H2AB1_R_sg2,inDecay-l_mESC_fewshot,inDecay-l_fewshot,mESC,40,False,1,0.033307433128356934,0.02020704746246338
0.318466660537876,5,10,0.15892923884387367,0.3184667080640793,5,10,mHV5sg2,0.6969178,0.9366185,0.71746576,0.63753784,5,10,mHV5sg2,inDecay_mESC_fewshot,inDecay_fewshot,mESC,40,False,1,0.23970073461532593,0.07992792129516602
0.5582621362091732,5,10,0.19089779197340623,0.5582621395587921,5,10,mHV5sg2,0.6969178,0.98062253,0.71746576,0.6007443,5,10,mHV5sg2,inDecay_iPSC_fewshot,inDecay_fewshot,iPSC,40,False,1,0.2837047576904297,0.11672145128250122
0.6828068219308512,5,10,0.16578879784831108,0.6828068643808365,5,10,mHV5sg2,0.6969178,0.9919888,0.71746576,0.67138165,5,10,mHV5sg2,inDecay-l_iPSC_scratch,inDecay-l_scratch,iPSC,40,False,1,0.295071005821228,0.04608410596847534
0.673341990146946,5,9,0.2569862714130275,0.7317424267530441,2,9,H2AB1_R_sg2,0.8219933,0.97061294,0.95089465,0.99820596,2,9,H2AB1_R_sg2,inDecay-l_mESC_scratch,inDecay-l_scratch,mESC,40,False,1,0.1486196517944336,0.04731130599975586
0.07435370384380571,4,10,0.0445338186535758,0.10472030937671661,3,9,H2AB1_R_sg2,0.8219933,0.87582874,0.95089465,0.8946483,3,9,H2AB1_R_sg2,inDecay_mESC_fewshot,inDecay_fewshot,mESC,40,False,1,0.05383545160293579,0.05624634027481079
0.07356655163617039,4,8,0.05376276420842567,0.14743472635746002,2,9,H2AB1_R_sg2,0.8219933,0.89829487,0.95089465,0.9652525,2,9,H2AB1_R_sg2,inDecay-l_iPSC_fewshot,inDecay-l_fewshot,iPSC,40,False,1,0.07630157470703125,0.01435786485671997
0.28721154160083606,5,10,0.13726215280709883,0.2872115820646286,5,10,mHV5sg2,0.6969178,0.92057514,0.71746576,0.7782245,5,10,mHV5sg2,inDecay-l_iPSC_fewshot,inDecay-l_fewshot,iPSC,40,False,1,0.22365736961364746,0.060758769512176514
0.6537404368963673,5,9,0.25443482210631824,0.7042927443981171,2,9,H2AB1_R_sg2,0.8219933,0.96680856,0.95089465,0.9982987,2,9,H2AB1_R_sg2,inDecay-l_iPSC_scratch,inDecay-l_scratch,iPSC,40,False,1,0.14481526613235474,0.04740405082702637
0.3966417362045813,5,10,0.2155023144929563,0.4608248919248581,2,9,H2AB1_R_sg2,0.8219933,0.9441082,0.95089465,0.9926527,2,9,H2AB1_R_sg2,inDecay_mESC_scratch,inDecay_scratch,mESC,40,False,1,0.12211489677429199,0.041758060455322266
0.24976080811691903,5,10,0.13785537033290968,0.24976085126399994,5,10,mHV5sg2,0.6969178,0.9279369,0.71746576,0.6372744,5,10,mHV5sg2,inDecay-l_mESC_fewshot,inDecay-l_fewshot,mESC,40,False,1,0.23101913928985596,0.08019137382507324
0.8019554336194048,5,10,0.17016648592303157,0.80195552110672,5,10,mHV5sg2,0.6969178,0.99737334,0.71746576,0.56264824,5,10,mHV5sg2,inDecay_mESC_scratch,inDecay_scratch,mESC,40,False,1,0.30045557022094727,0.15481752157211304
0.6247394363017198,5,10,0.5101373376650464,0.6247394979000092,5,10,MTAP,1.0,1.0,0.24246575,0.77025956,5,10,MTAP,inDecay-l_iPSC_fewshot,inDecay-l_fewshot,iPSC,30,False,1,0.0,0.5277938097715378
0.39204846296017826,5,10,0.2680355875549797,0.39204850792884827,5,10,Kif,0.672112,0.8632725,0.57526255,0.8104437,5,10,Kif,inDecay_mESC_fewshot,inDecay_fewshot,mESC,30,False,1,0.19116050004959106,0.23518115282058716
1.358950127703508,5,10,0.6777281866450093,1.3589502573013306,5,10,MTAP,1.0,0.9999999,0.24246575,0.93337786,5,10,MTAP,inDecay-l_iPSC_scratch,inDecay-l_scratch,iPSC,30,False,1,1.1920928955078125e-07,0.6909121125936508
1.4122721338018203,5,10,0.684391315291891,1.4122721552848816,5,10,MTAP,1.0,0.99999994,0.24246575,0.94038355,5,10,MTAP,inDecay_mESC_scratch,inDecay_scratch,mESC,30,False,1,5.960464477539063e-08,0.6979178041219711
0.942368902988362,4,10,0.28450703462588806,0.9423689246177673,5,10,mHV5sg7,0.8551402,0.9997596,1.0,0.99999994,5,10,mHV5sg7,inDecay-l_mESC_scratch,inDecay-l_scratch,mESC,30,False,1,0.1446194052696228,5.960464477539063e-08
0.290326054981023,4,10,0.2186355201091627,0.2903260886669159,5,10,mHV5sg7,0.8551402,0.91306746,1.0,1.0,5,10,mHV5sg7,inDecay_iPSC_fewshot,inDecay_fewshot,iPSC,30,False,1,0.05792725086212158,0.0
1.7011102840609695,4,10,0.49805021513481257,1.7011102437973022,5,10,mHV5sg7,0.8551402,0.99996126,1.0,1.0000001,5,10,mHV5sg7,inDecay_iPSC_scratch,inDecay_scratch,iPSC,30,False,1,0.14482104778289795,1.1920928955078125e-07
0.28602522753442694,5,10,0.2153840336116905,0.2860252559185028,5,10,Kif,0.672112,0.5869271,0.57526255,0.88551664,5,10,Kif,inDecay-l_mESC_fewshot,inDecay-l_fewshot,mESC,30,False,1,0.08518487215042114,0.3102540969848633
0.9422931022422489,5,10,0.6036780138643306,0.9422931671142578,5,10,MTAP,1.0,1.0,0.24246575,0.8608718,5,10,MTAP,inDecay-l_mESC_scratch,inDecay-l_scratch,mESC,30,False,1,0.0,0.6184060424566269
0.3009501437178277,5,10,0.22215366035319997,0.30095016956329346,5,10,Kif,0.672112,0.5683406,0.57526255,0.8933623,5,10,Kif,inDecay-l_mESC_scratch,inDecay-l_scratch,mESC,30,False,1,0.1037713885307312,0.3180997371673584
1.6715260808414962,5,10,0.7088652378053163,1.6715261936187744,5,10,MTAP,1.0,1.0,0.24246575,0.9638943,5,10,MTAP,inDecay_iPSC_scratch,inDecay_scratch,iPSC,30,False,1,0.0,0.7214285582304001
1.4885911826400202,4,10,0.43340294800546925,1.4885912537574768,5,10,mHV5sg7,0.8551402,0.99996936,1.0,1.0,5,10,mHV5sg7,inDecay_mESC_scratch,inDecay_scratch,mESC,30,False,1,0.1448291540145874,0.0
1.0470261728587842,4,10,0.3106966778784654,1.0470261573791504,5,10,mHV5sg7,0.8551402,0.99986994,1.0,1.0,5,10,mHV5sg7,inDecay-l_iPSC_scratch,inDecay-l_scratch,iPSC,30,False,1,0.14472973346710205,0.0
0.24866563419897053,4,10,0.26250709336277367,0.2486656755208969,5,10,mHV5sg7,0.8551402,0.7893815,1.0,1.0,5,10,mHV5sg7,inDecay-l_iPSC_fewshot,inDecay-l_fewshot,iPSC,30,False,1,0.06575870513916016,0.0
0.55591656449522,5,10,0.46886391541158795,0.5559165775775909,5,10,MTAP,1.0,1.0000001,0.24246575,0.74187714,5,10,MTAP,inDecay_iPSC_fewshot,inDecay_fewshot,iPSC,30,False,1,1.1920928955078125e-07,0.4994113892316818
0.44033943190371394,5,10,0.26584154158927753,0.44033944606781006,5,10,Kif,0.672112,0.757959,0.57526255,0.8973175,5,10,Kif,inDecay_iPSC_scratch,inDecay_scratch,iPSC,30,False,1,0.08584702014923096,0.32205498218536377
0.7599871939454939,5,10,0.5550741859131592,0.7599872648715973,5,10,MTAP,1.0,1.0,0.24246575,0.8126399,5,10,MTAP,inDecay-l_mESC_fewshot,inDecay-l_fewshot,mESC,30,False,1,0.0,0.5701741427183151
0.5435665389173767,5,10,0.4710490340794714,0.5435665845870972,5,10,MTAP,1.0,1.0,0.24246575,0.7392733,5,10,MTAP,inDecay_mESC_fewshot,inDecay_fewshot,mESC,30,False,1,0.0,0.4968075603246689
0.2451924307316097,5,10,0.2090317730564889,0.24519245326519012,5,10,Kif,0.672112,0.7586476,0.57526255,0.8122038,5,10,Kif,inDecay_mESC_scratch,inDecay_scratch,mESC,30,False,1,0.08653563261032104,0.23694127798080444
0.3889439171784491,5,10,0.22525430868143254,0.38894394040107727,5,10,Kif,0.672112,0.67953056,0.57526255,0.9040569,5,10,Kif,inDecay-l_iPSC_fewshot,inDecay-l_fewshot,iPSC,30,False,1,0.007418572902679443,0.32879436016082764
0.377403560871275,5,10,0.2612708160360443,0.37740358710289,5,10,Kif,0.672112,0.8699806,0.57526255,0.7946373,5,10,Kif,inDecay_iPSC_fewshot,inDecay_fewshot,iPSC,30,False,1,0.19786858558654785,0.21937477588653564
0.13766047106183252,4,10,0.13143477872982373,0.13766049221158028,5,10,mHV5sg7,0.8551402,0.90285337,1.0,1.0,5,10,mHV5sg7,inDecay_mESC_fewshot,inDecay_fewshot,mESC,30,False,1,0.04771316051483154,0.0
0.3978523980539669,5,10,0.2481307364964002,0.39785242080688477,5,10,Kif,0.672112,0.52484107,0.57526255,0.9268013,5,10,Kif,inDecay-l_iPSC_scratch,inDecay-l_scratch,iPSC,30,False,1,0.14727091789245605,0.3515387773513794
0.367677910912945,4,10,0.26282850460047086,0.3676779419183731,5,10,mHV5sg7,0.8551402,0.9058082,1.0,1.0,5,10,mHV5sg7,inDecay-l_mESC_fewshot,inDecay-l_fewshot,mESC,30,False,1,0.05066800117492676,0.0
0.6418705877681573,4,9,0.15801978360922875,0.7324716448783875,2,10,Rag-1,0.81506574,0.97307944,0.61022806,0.8942493,4,10,Rag-1,inDecay-l_mESC_fewshot,inDecay-l_fewshot,mESC,19,False,1,0.1580137014389038,0.284021258354187
0.5147887548136871,4,9,0.13357249805537252,0.604136198759079,2,10,Rag-1,0.81506574,0.9571296,0.61022806,0.8597933,4,10,Rag-1,inDecay-l_iPSC_fewshot,inDecay-l_fewshot,iPSC,19,False,1,0.14206385612487793,0.2495652437210083
1.281745419844275,4,9,0.26987900179812463,1.3296411037445068,2,10,Rag-1,0.81506574,0.99886143,0.61022806,0.9802089,4,10,Rag-1,inDecay_iPSC_scratch,inDecay_scratch,iPSC,19,False,1,0.18379569053649902,0.3699808120727539
1.1609256099282026,4,9,0.26037902950500563,1.214732974767685,2,10,Rag-1,0.81506574,0.9980252,0.61022806,0.9730034,4,10,Rag-1,inDecay-l_mESC_scratch,inDecay-l_scratch,mESC,19,False,1,0.1829594373703003,0.3627753257751465
1.2253739427416777,4,9,0.27723476466641234,1.2656804025173187,2,10,Rag-1,0.81506574,0.9990365,0.61022806,0.97222155,4,10,Rag-1,inDecay_mESC_scratch,inDecay_scratch,mESC,19,False,1,0.18397074937820435,0.3619934916496277
0.358569191947131,4,9,0.15474557514674428,0.40840816497802734,2,10,Rag-1,0.81506574,0.9357294,0.61022806,0.84773433,4,10,Rag-1,inDecay_iPSC_fewshot,inDecay_fewshot,iPSC,19,False,1,0.12066364288330078,0.23750627040863037
0.25543979875256384,4,9,0.12793100021155848,0.30620114505290985,2,10,Rag-1,0.81506574,0.9123993,0.61022806,0.81942916,4,10,Rag-1,inDecay_mESC_fewshot,inDecay_fewshot,mESC,19,False,1,0.09733355045318604,0.20920109748840332
1.3101073918632349,4,9,0.26510466592128623,1.3655532896518707,2,10,Rag-1,0.81506574,0.99840635,0.61022806,0.98290503,4,10,Rag-1,inDecay-l_iPSC_scratch,inDecay-l_scratch,iPSC,19,False,1,0.18334060907363892,0.3726769685745239
1.6955028723743963,3,9,0.27953344225574495,1.716343104839325,4,9,H2D1_R_sg2,0.6579861,0.97929466,0.99999994,0.99999994,4,9,H2D1_R_sg2,inDecay_mESC_scratch,inDecay_scratch,mESC,17,False,1,0.32130855321884155,0.0
2.1774119986394753,3,10,0.31244495395149474,2.1924750208854675,4,9,H2D1_R_sg2,0.6579861,0.9922438,0.99999994,1.0,4,9,H2D1_R_sg2,inDecay-l_mESC_scratch,inDecay-l_scratch,mESC,17,False,1,0.33425772190093994,5.960464477539063e-08
0.13444403220906706,4,10,0.07110564044284742,0.15799400210380554,4,9,H2D1_R_sg2,0.6579861,0.78932023,0.99999994,1.0,4,9,H2D1_R_sg2,inDecay_iPSC_fewshot,inDecay_fewshot,iPSC,17,False,1,0.131334125995636,5.960464477539063e-08
0.12434393271549787,4,10,0.041381238166072865,0.154034785926342,4,9,H2D1_R_sg2,0.6579861,0.6954618,0.99999994,1.0,4,9,H2D1_R_sg2,inDecay_mESC_fewshot,inDecay_fewshot,mESC,17,False,1,0.03747570514678955,5.960464477539063e-08
1.7100048292071577,3,10,0.2872671162877818,1.726569414138794,4,9,H2D1_R_sg2,0.6579861,0.97017694,0.99999994,1.0,4,9,H2D1_R_sg2,inDecay_iPSC_scratch,inDecay_scratch,iPSC,17,False,1,0.31219083070755005,5.960464477539063e-08
0.22956553135259233,4,9,0.12732539750348562,0.2527220994234085,4,9,H2D1_R_sg2,0.6579861,0.8101976,0.99999994,1.0,4,9,H2D1_R_sg2,inDecay-l_iPSC_fewshot,inDecay-l_fewshot,iPSC,17,False,1,0.1522114872932434,5.960464477539063e-08
0.6037511912826927,4,10,0.20765059279727366,0.634267121553421,5,9,H2D1_R_sg2,0.6579861,0.84993494,0.99999994,1.0,5,9,H2D1_R_sg2,inDecay-l_mESC_fewshot,inDecay-l_fewshot,mESC,17,False,1,0.19194883108139038,5.960464477539063e-08
2.2690195081686815,3,10,0.31523363397469106,2.2837209701538086,4,9,H2D1_R_sg2,0.6579861,0.9922574,0.99999994,1.0,4,9,H2D1_R_sg2,inDecay-l_iPSC_scratch,inDecay-l_scratch,iPSC,17,False,1,0.33427131175994873,5.960464477539063e-08
0.9644223401410987,4,9,0.2583907358874681,0.964422345161438,4,10,H2K1-F1-sg2,0.7915028,0.9750028,0.8033045,0.98500484,4,10,H2K1-F1-sg2,inDecay-l_iPSC_scratch,inDecay-l_scratch,iPSC,10,False,1,0.18350005149841309,0.18170034885406494
0.9235930365477925,4,9,0.24278774236085499,0.9235930442810059,4,10,H2K1-F1-sg2,0.7915028,0.93573964,0.8033045,0.9913551,4,10,H2K1-F1-sg2,inDecay_iPSC_scratch,inDecay_scratch,iPSC,10,False,1,0.14423686265945435,0.18805062770843506
0.4976420503590382,4,10,0.16872893706200764,0.4976420998573303,4,10,H2K1-F1-sg2,0.7915028,0.90422714,0.8033045,0.87290233,4,10,H2K1-F1-sg2,inDecay_iPSC_fewshot,inDecay_fewshot,iPSC,10,False,1,0.11272436380386353,0.06959784030914307
0.19123578851784467,3,9,0.08823218324548084,0.19123579561710358,3,10,H2K1-F1-sg2,0.7915028,0.80234635,0.8033045,0.93154794,3,10,H2K1-F1-sg2,inDecay-l_iPSC_fewshot,inDecay-l_fewshot,iPSC,10,False,1,0.01084357500076294,0.12824344635009766
0.8962516271935298,4,9,0.24135780553686556,0.8962516188621521,4,10,H2K1-F1-sg2,0.7915028,0.9622119,0.8033045,0.9893429,4,10,H2K1-F1-sg2,inDecay_mESC_scratch,inDecay_scratch,mESC,10,False,1,0.17070913314819336,0.18603843450546265
0.8657209314683538,4,9,0.23696743500646197,0.8657208681106567,4,10,H2K1-F1-sg2,0.7915028,0.9795122,0.8033045,0.97887594,4,10,H2K1-F1-sg2,inDecay-l_mESC_scratch,inDecay-l_scratch,mESC,10,False,1,0.18800944089889526,0.17557144165039062
0.35596409689601527,4,10,0.13557284910949188,0.3559641093015671,4,10,H2K1-F1-sg2,0.7915028,0.8916744,0.8033045,0.88152677,4,10,H2K1-F1-sg2,inDecay_mESC_fewshot,inDecay_fewshot,mESC,10,False,1,0.10017162561416626,0.07822227478027344
0.08658491426326433,4,10,0.05071818526523905,0.0865849144756794,4,10,H2K1-F1-sg2,0.7915028,0.78454065,0.8033045,0.89925575,4,10,H2K1-F1-sg2,inDecay-l_mESC_fewshot,inDecay-l_fewshot,mESC,10,False,1,0.006962120532989502,0.09595125913619995
0.08270162212975579,4,9,0.07606820792322394,0.08270161598920822,5,10,IL2g,1.0,1.0000001,0.93185717,0.9694682,5,10,IL2g,inDecay_mESC_scratch,inDecay_scratch,mESC,8,False,0,1.1920928955078125e-07,0.03761100769042969
0.5188168355057423,5,10,0.1619622757646538,0.707200288772583,4,10,ZNRF-4-dna4,0.8659883,0.9984492,0.8962979,0.6988065,4,10,ZNRF-4-dna4,inDecay_mESC_scratch,inDecay_scratch,mESC,8,False,0,0.13246089220046997,0.1974913477897644
0.48974804633312297,5,10,0.23759190413760245,0.5507276952266693,4,10,ZNRF-4-dna4,0.8659883,0.9645666,0.8962979,0.87302125,4,10,ZNRF-4-dna4,inDecay_mESC_fewshot,inDecay_fewshot,mESC,8,False,0,0.09857827425003052,0.02327662706375122
0.33858040444376236,4,9,0.30370189396117103,0.3385801762342453,5,10,IL2g,1.0,1.0,0.93185717,0.8447989,5,10,IL2g,inDecay_mESC_fewshot,inDecay_fewshot,mESC,8,False,0,0.0,0.08705824613571167
0.3085487857136199,4,9,0.2418067441517828,0.3085481524467468,5,10,IL2g,1.0,1.0,0.93185717,0.98884183,5,10,IL2g,inDecay-l_iPSC_scratch,inDecay-l_scratch,iPSC,8,False,0,0.0,0.056984663009643555
0.19330250807818317,4,9,0.1779930108751378,0.19330235570669174,5,10,IL2g,1.0,1.0,0.93185717,0.9842152,5,10,IL2g,inDecay-l_mESC_scratch,inDecay-l_scratch,mESC,8,False,0,0.0,0.052358031272888184
0.6137507070199985,5,10,0.17240553718200885,0.703472763299942,4,10,ZNRF-4-dna4,0.8659883,0.99871445,0.8962979,0.7612997,4,10,ZNRF-4-dna4,inDecay_iPSC_scratch,inDecay_scratch,iPSC,8,False,0,0.13272613286972046,0.1349981427192688
0.5508089188729601,5,10,0.1699317444762471,0.6517736315727234,4,10,ZNRF-4-dna4,0.8659883,0.99664587,0.8962979,0.61189556,4,10,ZNRF-4-dna4,inDecay-l_mESC_scratch,inDecay-l_scratch,mESC,8,False,0,0.13065755367279053,0.2844023108482361
0.3707838265088993,5,10,0.19123073073906555,0.3819730430841446,5,10,ZNRF-4-dna4,0.8659883,0.8498932,0.8962979,0.79191196,5,10,ZNRF-4-dna4,inDecay-l_mESC_fewshot,inDecay-l_fewshot,mESC,8,False,0,0.016095101833343506,0.10438591241836548
0.39434979346152854,5,10,0.18828347740732032,0.40901751816272736,5,10,ZNRF-4-dna4,0.8659883,0.864111,0.8962979,0.71758664,5,10,ZNRF-4-dna4,inDecay-l_iPSC_fewshot,inDecay-l_fewshot,iPSC,8,False,0,0.0018773078918457031,0.17871123552322388
0.18698274722744895,4,9,0.2190229595839521,0.18698260933160782,5,10,IL2g,1.0,0.99999994,0.93185717,0.8353975,5,10,IL2g,inDecay_iPSC_fewshot,inDecay_fewshot,iPSC,8,False,0,5.960464477539063e-08,0.09645968675613403
0.12918196287018618,4,9,0.16581406304190416,0.12918180972337723,5,10,IL2g,1.0,1.0,0.93185717,0.97781193,5,10,IL2g,inDecay_iPSC_scratch,inDecay_scratch,iPSC,8,False,0,0.0,0.045954763889312744
0.46748727004016755,5,10,0.15206915677809513,0.5562891066074371,4,10,ZNRF-4-dna4,0.8659883,0.99745554,0.8962979,0.7118139,4,10,ZNRF-4-dna4,inDecay-l_iPSC_scratch,inDecay-l_scratch,iPSC,8,False,0,0.13146722316741943,0.18448394536972046
0.26422966831801337,5,10,0.18276927632935303,0.2765176594257355,4,10,ZNRF-4-dna4,0.8659883,0.92894584,0.8962979,0.78822714,4,10,ZNRF-4-dna4,inDecay_iPSC_fewshot,inDecay_fewshot,iPSC,8,False,0,0.0629575252532959,0.1080707311630249
0.09689178203494689,4,9,0.1477264203640575,0.09689168259501457,5,10,IL2g,1.0,0.99999994,0.93185717,0.880624,5,10,IL2g,inDecay-l_iPSC_fewshot,inDecay-l_fewshot,iPSC,8,False,0,5.960464477539063e-08,0.05123317241668701
0.1005246594542187,4,9,0.06925093239675065,0.1005246713757515,5,10,IL2g,1.0,1.0,0.93185717,0.7877854,5,10,IL2g,inDecay-l_mESC_fewshot,inDecay-l_fewshot,mESC,8,False,0,0.0,0.1440717577934265
0.6626709651933878,5,10,0.19580776252873314,0.6626709699630737,5,10,DIRK,1.0,1.0,0.30835736,0.5957554,5,10,DIRK,inDecay_mESC_scratch,inDecay_scratch,mESC,7,False,0,0.0,0.2873980402946472
0.6736874585003791,5,10,0.22754335424437336,0.6736874580383301,5,10,DIRK,1.0,1.0,0.30835736,0.78170204,5,10,DIRK,inDecay-l_iPSC_fewshot,inDecay-l_fewshot,iPSC,7,False,0,0.0,0.47334468364715576
0.41901200532697686,5,10,0.15734683507067018,0.41901201009750366,5,10,DIRK,1.0,1.0,0.30835736,0.65835154,5,10,DIRK,inDecay_iPSC_fewshot,inDecay_fewshot,iPSC,7,False,0,0.0,0.3499941825866699
0.8708476925674141,5,10,0.2689767337463647,0.8708477020263672,5,10,DIRK,1.0,1.0,0.30835736,0.7878068,5,10,DIRK,inDecay-l_iPSC_scratch,inDecay-l_scratch,iPSC,7,False,0,0.0,0.47944945096969604
0.825183149440341,5,10,0.26561980937188756,0.8251832127571106,5,10,DIRK,1.0,1.0000001,0.30835736,0.78948253,5,10,DIRK,inDecay-l_mESC_scratch,inDecay-l_scratch,mESC,7,False,0,1.1920928955078125e-07,0.4811251759529114
0.6759568593934598,5,10,0.202909303904394,0.6759568750858307,5,10,DIRK,1.0,1.0,0.30835736,0.5802892,5,10,DIRK,inDecay_iPSC_scratch,inDecay_scratch,iPSC,7,False,0,0.0,0.27193182706832886
0.5796363922371168,5,10,0.18940311105128702,0.579636424779892,5,10,DIRK,1.0,1.0,0.30835736,0.7100433,5,10,DIRK,inDecay-l_mESC_fewshot,inDecay-l_fewshot,mESC,7,False,0,0.0,0.4016859531402588
0.3426518907360344,5,10,0.13834026673860467,0.3426518887281418,5,10,DIRK,1.0,1.0,0.30835736,0.5603142,5,10,DIRK,inDecay_mESC_fewshot,inDecay_fewshot,mESC,7,False,0,0.0,0.2519568204879761
