,KL divergence,Top5 events recall,Top10 events recall,R2 of Frameshift ratio,Coll_I_Top5,Coll_I_Top10,KLD_IDL,Top5_IDL,Top10_IDL,W1-distance_IDL,delratio_r2,Kendall_tau_IDL,End_date,L2_Lambda,args.Fix_params,N_sample,cell
0,2.9764826236208877,2.860547219770521,5.431597528684907,0.5584716804093726,2.940864960282436,5.668137687555164,1.7202942414060993,3.110326566637246,6.436893203883495,0.2349172838494135,0.5993638372763612,0.6161592442309438,Oct14-23:58,0.0,None,0,BOB
1,2.557315762997305,3.022947925860547,6.2462488967343335,0.5309756188633615,3.0370697263901145,6.464254192409532,1.4251443453981871,3.06090026478376,6.624007060900265,0.21035444231396538,0.5868786510173482,0.654255060794701,Oct14-23:59,0.0,None,0,E14TG2A
2,1.0841072048968903,2.735216240070609,5.548102383053839,0.6440117144109999,2.872021182700794,5.794351279788173,0.5468432537426278,3.0714916151809355,7.155339805825243,0.11871432787767983,0.4626053178211823,0.678285412328483,Oct14-22:56,0.0,None,10,E14TG2A
3,1.1433203581980342,2.6646072374227714,5.224183583406885,0.6630365095808562,2.766990291262136,5.575463371579876,0.5580544922514158,2.874669020300088,6.7802294792586055,0.11704074537934392,0.4322034315874656,0.6780291067833646,Oct14-23:29,0.0,None,10,E14TG2A
4,0.8647736017078503,2.936451897616946,6.0503089143865845,0.759160105780834,3.0829655781112093,6.2250661959399824,0.38912621781784273,3.287731685789938,7.503971756398941,0.1019684788981862,0.5806596088642396,0.7053644333558735,Oct14-23:55,0.0,None,10,E14TG2A
5,1.326660929499268,2.834068843777582,5.376875551632833,0.43195525228313203,3.030008826125331,5.541041482789056,0.6921680971794484,3.265666372462489,6.729037952338923,0.15176930657387663,0.2942337171592914,0.6163870345253433,Oct14-23:16,0.0,None,10,BOB
6,1.2951366922440828,2.8446601941747574,5.337157987643424,0.466638725946893,3.052956751985878,5.523389232127096,0.6524018900739427,3.255957634598411,6.659311562224183,0.14091219612148714,0.4882746611611879,0.6237548256224998,Oct14-23:3,0.0,None,10,BOB
7,1.1659736021406233,2.8393645189761694,5.825242718446602,0.47713403716726455,2.976169461606355,6.0238305383936455,0.6157125012881741,3.1376875551632835,7.227714033539276,0.14314099621075774,0.5886259184916746,0.6606944743619916,Oct14-23:40,0.0,None,10,E14TG2A
8,0.9534270298804526,2.819064430714916,5.776699029126213,0.7229257502748827,2.964695498676081,5.992939099735216,0.44021960404194166,3.1297440423654015,7.281553398058253,0.10053518523610966,0.4873626495716412,0.6963268391372857,Oct15-00:3,0.0,None,10,E14TG2A
9,0.9851023790879473,2.941747572815534,5.9179170344218885,0.7012726180089887,3.0414827890556047,6.133274492497794,0.5146044377899387,3.2277140335392764,7.341571050308914,0.11928991799017004,0.4678177510568795,0.6896506248134352,Oct14-23:22,0.0,None,10,E14TG2A
10,0.9854894096306333,2.828773168578994,5.743159752868491,0.6986610872208812,2.950573698146514,5.953221535745808,0.4639193134594386,3.120035304501324,7.2144748455428065,0.10525596362407538,0.5472110546697472,0.6928497515281217,Oct14-23:18,0.0,None,10,E14TG2A
11,0.9266243105045695,3.0044130626654897,6.033539276257723,0.6450532749055472,3.1288614298323036,6.278905560458958,0.4351355556036368,3.297440423654016,7.488084730803178,0.11287350012109235,0.5622490780516674,0.7034939889709326,Oct14-23:47,0.0,None,10,E14TG2A
12,1.15016993636632,2.8375992939099737,5.353927625772286,0.7165444735692,3.025595763459841,5.554280670785525,0.5292672095181443,3.229479258605472,6.662842012356576,0.10316023713056051,0.5614658366323033,0.6369738520097303,Oct14-23:40,0.0,None,10,BOB
13,1.112143724354515,2.88702559576346,5.523389232127096,0.6859324984440384,3.067078552515446,5.729037952338923,0.5365780720962338,3.329214474845543,6.842894969108562,0.11739436913576821,0.41623057730244994,0.6425964848064329,Oct14-23:45,0.0,None,10,BOB
14,0.8722853279801617,2.969108561341571,5.9338040600176525,0.7657281191679342,3.0970873786407767,6.164165931156222,0.4008924026985159,3.2921447484554283,7.443954104148279,0.09504736745919437,0.5184073820015903,0.705993864778513,Oct14-23:0,0.0,None,10,E14TG2A
15,1.179843373636124,2.852603706972639,5.326566637246249,0.6252177686806677,3.0211827007943515,5.548984995586937,0.5733345061072075,3.2338923212709623,6.651368049426302,0.11607365344967834,0.44292423137525916,0.6324883592847107,Oct14-23:9,0.0,None,10,BOB
16,0.9153585830557063,2.875551632833186,5.721094439541042,0.7358451811171552,2.988526037069726,5.969991173874669,0.4429860889919992,3.1403353927625774,7.238305383936452,0.10260525357475964,0.5299611584843887,0.6951974531888329,Oct14-23:8,0.0,None,10,E14TG2A
17,1.16086465864716,2.820829655781112,5.307149161518094,0.7028253466391046,3.0185348631950575,5.508384819064431,0.572711002618369,3.259488084730803,6.618711385701677,0.12319827990638811,0.3995437625578961,0.6298402616777075,Oct14-23:24,0.0,None,10,BOB
18,1.3923128378977843,2.7537511032656665,5.159752868490733,0.49186513501403634,2.909090909090909,5.383053839364519,0.7069487787266583,3.1050308914386586,6.495145631067961,0.13574132799747876,0.5336889883803404,0.6103794602194182,Oct14-23:33,0.0,None,10,BOB
19,1.364189424709025,2.732568402471315,5.238305383936452,0.5391155690786656,2.939982347749338,5.503089143865843,0.6881120951389454,3.144748455428067,6.568402471315093,0.13432071949569047,0.5479792676846412,0.6097871658494401,Oct15-00:2,0.0,None,10,BOB
20,1.2619173801508186,2.8711385701676964,5.346866725507502,0.529748458628718,3.067078552515446,5.658428949691086,0.6178416509039318,3.2506619593998236,6.803177405119152,0.13492749472117482,0.5124419723234366,0.6346387305128711,Oct14-23:52,0.0,None,10,BOB
21,1.5805288472616452,2.6407766990291264,5.088261253309797,0.3355463961692969,2.827890556045896,5.369814651368049,0.8799624485462473,3.0141218005295674,6.428949691085613,0.15757083574159234,0.5000769942971304,0.5944445681957411,Oct14-22:55,0.0,None,10,BOB
22,0.8992577751429336,2.8693733451015007,5.94351279788173,0.6856925307005345,3.1332744924977933,6.202118270079435,0.43124989379552997,3.319505736981465,7.606354810238305,0.1092070194712669,0.2910167217276099,0.6971939574409787,Oct14-22:57,0.0,None,30,E14TG2A
23,1.150881261356826,2.8658428949691084,5.374227714033539,0.7269416162536905,3.027360988526037,5.657546337157988,0.5188014825006927,3.2462488967343335,6.767872903795234,0.10746696946103083,0.5409332685744647,0.6489030679671672,Oct14-23:37,0.0,None,30,BOB
24,0.7794868269276009,3.0150044130626656,6.029126213592233,0.781555006372965,3.2188879082082966,6.283318623124448,0.32782581861631754,3.4351279788172993,7.755516328331862,0.08938960638283044,0.5639786004056389,0.727234772345924,Oct14-23:44,0.0,None,30,E14TG2A
25,0.8609416816788023,2.933804060017652,5.87378640776699,0.7534838387262283,3.125330979699912,6.133274492497794,0.3905620772241188,3.3645189761694616,7.551632833186232,0.0997129153778718,0.45596147942893933,0.7039882963331803,Oct14-23:58,0.0,None,30,E14TG2A
26,1.158026228383486,2.880847308031774,5.392762577228597,0.7143399368551244,3.0123565754633717,5.676081200353045,0.5372157830396511,3.244483671668138,6.782877316857899,0.10596083361130694,0.594057345812066,0.642214048081569,Oct14-23:8,0.0,None,30,BOB
27,1.1253023878765758,2.9196822594880847,5.433362753751103,0.7113963270879239,3.0388349514563107,5.654898499558694,0.5285980309681855,3.2277140335392764,6.737864077669903,0.10731591145620939,0.5528359121477506,0.6415634366447598,Oct14-22:52,0.0,None,30,BOB
28,1.2645079030771227,2.8684907325684024,5.407766990291262,0.6567257628086517,3.057369814651368,5.701676963812886,0.5933924247699693,3.2312444836716683,6.763459841129744,0.1200875039566193,0.5412336310541541,0.6397662425115132,Oct14-23:1,0.0,None,30,BOB
29,0.8500454353278755,2.9549867608120035,5.955869373345101,0.7295971301779577,3.1668137687555165,6.241835834068843,0.39208334703461867,3.3998234774933804,7.640776699029126,0.10467877625913129,0.48155692778038844,0.705235053568237,Oct14-23:39,0.0,None,30,E14TG2A
30,1.1507027644930377,2.8737864077669903,5.421888790820829,0.7252811493110307,3.049426301853486,5.711385701676964,0.5176519060927819,3.267431597528685,6.805825242718447,0.10618663663241389,0.5721211278073004,0.6443765363025983,Oct14-23:43,0.0,None,30,BOB
31,0.887418370710362,2.933804060017652,6.000882612533098,0.6486390171605289,3.1879964695498675,6.248014121800529,0.42319384941904387,3.40423654015887,7.673433362753751,0.11112631449528891,0.384715058703141,0.7126378590823811,Oct14-23:33,0.0,None,30,E14TG2A
32,1.1422273924299708,2.8852603706972637,5.411297440423654,0.7199780254142795,3.0247131509267433,5.681376875551633,0.5243526140397243,3.2171226831421005,6.766990291262136,0.10875816874767656,0.5450585067967626,0.6468722657988619,Oct14-23:49,0.0,None,30,BOB
33,1.245956628511858,2.8737864077669903,5.406001765225066,0.6451619653274535,3.0220653133274493,5.696381288614298,0.5969241539235535,3.210061782877317,6.724624889673433,0.12539281861411503,0.52368376755546,0.637164247008635,Oct14-23:24,0.0,None,30,BOB
34,1.2338660512339827,2.831421006178288,5.335392762577229,0.6558727859573315,2.967343336275375,5.593998234774934,0.5951004646787278,3.168578993821712,6.616063548102383,0.11737132531186956,0.4536165369206017,0.633559407236509,Oct14-23:56,0.0,None,30,BOB
35,0.8157018458261915,3.005295675198588,6.0609002647837595,0.7559793718780462,3.2188879082082966,6.322153574580759,0.3500337299166087,3.4086496028243602,7.681376875551633,0.0911412252944384,0.5408500433531171,0.7222715985256446,Oct14-23:50,0.0,None,30,E14TG2A
36,0.8373704670097379,2.959399823477493,5.963812886142983,0.7698672992820292,3.157105030891439,6.229479258605473,0.3726588960201653,3.3636363636363638,7.680494263018534,0.09936517387581008,0.4399307953181738,0.709633110573138,Oct14-23:4,0.0,None,30,E14TG2A
37,1.2349783050526009,2.8111209179170342,5.285083848190644,0.6260379577396985,2.939982347749338,5.53486319505737,0.6090681247015033,3.142983230361871,6.613415710503089,0.12020154651460946,0.47783225147889186,0.6263263462525515,Oct14-23:19,0.0,None,30,BOB
38,1.1431974804872238,2.888790820829656,5.43071491615181,0.734002790539869,3.0167696381288613,5.661959399823478,0.5169003205922994,3.240953221535746,6.789055604589585,0.10778024441031292,0.5151952489254826,0.6501952380109168,Oct14-23:30,0.0,None,30,BOB
39,0.8216044729491672,3.0044130626654897,6.019417475728155,0.75195944354331,3.1959399823477495,6.2250661959399824,0.3675425353325476,3.3998234774933804,7.601059135039717,0.09824615677765564,0.5203762813992842,0.71312534114661,Oct14-23:12,0.0,None,30,E14TG2A
40,0.816837773693681,3.003530450132392,6.135922330097087,0.7499687772873762,3.2197705207413945,6.345984112974405,0.3583838909345172,3.4377758164165932,7.676963812886143,0.09535266569655554,0.5804611835808735,0.7149116950423777,Oct14-23:19,0.0,None,30,E14TG2A
41,0.8200359310517507,3.0105913503971755,6.0344218887908205,0.7529472850998079,3.200353045013239,6.259488084730803,0.3587248773433394,3.415710503089144,7.618711385701677,0.09726606493316274,0.617668990425916,0.7122587994287322,Oct14-23:25,0.0,None,30,E14TG2A
42,0.8485656242097571,3.0741394527802295,6.220653133274492,0.7253805618952159,3.2462488967343335,6.4474845542806705,0.36494675242400715,3.4810238305383936,7.786407766990291,0.10216974393363891,0.6310287132930966,0.7252477888406096,Oct14-23:46,0.0,None,50,E14TG2A
43,1.0921706843065773,2.9346866725507503,5.432480141218005,0.7319072736698843,3.0944395410414827,5.675198587819947,0.48810506002583043,3.29567519858782,6.767872903795234,0.10326305445616192,0.5540441431738808,0.6482817620185296,Oct14-23:13,0.0,None,50,BOB
44,1.1152577673570834,2.9258605472197705,5.418358340688438,0.7384444932324125,3.081200353045013,5.683142100617829,0.48976809617310824,3.3053839364518978,6.739629302736099,0.09729331792468313,0.599076948406467,0.6496424984416745,Oct14-23:33,0.0,None,50,BOB
45,0.8370303185385408,3.032656663724625,6.098852603706972,0.7708751009776731,3.1906443071491615,6.310679611650485,0.3575616598148388,3.4289496910856134,7.639894086496028,0.0934792110132448,0.5630997217959289,0.7185558448510951,Oct14-23:23,0.0,None,50,E14TG2A
46,0.8553093727299942,3.049426301853486,6.127096204766108,0.7545681353451853,3.1968225948808473,6.35657546337158,0.36626345859466414,3.406884377758164,7.684907325684025,0.09523379638136034,0.5652594777895726,0.7221579969582671,Oct14-23:34,0.0,None,50,E14TG2A
47,0.8951403442490764,2.969991173874669,5.9973521624007065,0.7058722805876525,3.1297440423654015,6.228596646072374,0.3978193058941903,3.35657546337158,7.573698146513681,0.10424996676934208,0.5579586019499001,0.7100174464927741,Oct14-23:17,0.0,None,50,E14TG2A
48,0.8725531657981799,3.052956751985878,6.120035304501324,0.7544434991547714,3.1932921447484555,6.335392762577229,0.37222693629005554,3.421006178287732,7.692850838481906,0.09643243001501174,0.5887625550162204,0.7186394396787779,Oct14-23:7,0.0,None,50,E14TG2A
49,0.868819334132421,3.0123565754633717,6.080317740511915,0.7481917092745397,3.183583406884378,6.301853486319506,0.37640262506914257,3.3909973521624006,7.676081200353045,0.0984625701460013,0.5016874815125529,0.7159169626444409,Oct14-22:54,0.0,None,50,E14TG2A
50,0.8521857713558773,3.00882612533098,6.1191526919682255,0.7511727955001595,3.186231244483672,6.3777581641659316,0.368057610879559,3.40423654015887,7.7325684024713155,0.09628981697491469,0.5342676413814763,0.7218962324073578,Oct14-23:1,0.0,None,50,E14TG2A
51,0.8354825691204101,3.0759046778464256,6.135922330097087,0.7594947542272759,3.2109443954104147,6.358340688437776,0.35309514811913173,3.444836716681377,7.736098852603707,0.09488147518763203,0.6310711054951097,0.7232879635387515,Oct14-23:29,0.0,None,50,E14TG2A
52,0.8555868694760951,3.06090026478376,6.1509267431597525,0.7207497840252419,3.2206531332744923,6.376875551632833,0.37315168369861945,3.4518976169461606,7.7484554280670785,0.10127814735911193,0.6110494061866795,0.7197694683145062,Oct14-23:40,0.0,None,50,E14TG2A
53,0.8659377060600434,3.05207413945278,6.179170344218888,0.7034072098945368,3.2206531332744923,6.379523389232127,0.3820701076249025,3.4695498676081202,7.728155339805825,0.10353716990483255,0.5860318731537241,0.7158815953312012,Oct14-23:52,0.0,None,50,E14TG2A
54,1.0913353416368379,2.9311562224183585,5.4624889673433366,0.7276994663206147,3.110326566637246,5.723742277140335,0.49164016368979196,3.323918799646955,6.883495145631068,0.10420375714987878,0.5226660730854019,0.6492479322171542,Oct14-23:21,0.0,None,50,BOB
55,1.0872378798114548,2.935569285083848,5.439541041482789,0.7187705927307384,3.095322153574581,5.701676963812886,0.485568358580481,3.2824360105913506,6.799646954986761,0.10518300259255257,0.505551530843674,0.6487784183406686,Oct14-23:52,0.0,None,50,BOB
56,1.065334984130125,2.932921447484554,5.46513680494263,0.746766636918931,3.086496028243601,5.743159752868491,0.4727100081291791,3.3062665489849956,6.795233892321271,0.09658250062484547,0.6049126375453479,0.6516244657727306,Oct14-23:44,0.0,None,50,BOB
57,1.0610497956939324,2.941747572815534,5.486319505736981,0.7387340239727134,3.1297440423654015,5.782877316857899,0.4722644518174763,3.323036187113857,6.842894969108562,0.10059477437258836,0.5702000274186898,0.6503748042160914,Oct14-22:59,0.0,None,50,BOB
58,1.0880436999041059,2.9196822594880847,5.443071491615181,0.7113551071577503,3.067078552515446,5.689320388349515,0.505404467417799,3.264783759929391,6.773168578993822,0.10493197839673211,0.5249149092359252,0.6419673579465199,Oct14-22:53,0.0,None,50,BOB
59,1.0774771619163985,2.964695498676081,5.502206531332745,0.7280508683414915,3.110326566637246,5.729037952338923,0.48144453117639113,3.327449249779347,6.788172992056487,0.10086442018661679,0.5154220179358942,0.6498039110444246,Oct14-23:6,0.0,None,50,BOB
60,1.0767565369540257,2.94792586054722,5.543689320388349,0.6893793625373307,3.1120917917034423,5.792586054721977,0.4973529478955033,3.325684024713151,6.867608120035304,0.11205367365372132,0.4816211376266702,0.6499222586080092,Oct14-23:27,0.0,None,50,BOB
61,1.098624358622773,2.940864960282436,5.501323918799647,0.702880414210107,3.1059135039717565,5.786407766990291,0.4948947920617707,3.3124448367166814,6.867608120035304,0.1096193020586115,0.49670333625906965,0.6513916769322697,Oct14-23:39,0.0,None,50,BOB
62,1.007952266158199,2.94792586054722,5.580759046778464,0.7626500163592714,3.1067961165048543,5.834951456310679,0.4376552042553496,3.355692850838482,6.881729920564872,0.09053599158636508,0.6514990584018135,0.656259339570681,Oct14-23:0,0.0,None,100,BOB
63,1.0225101548616116,2.9514563106796117,5.545454545454546,0.7641474926946237,3.1023830538393646,5.77405119152692,0.4476151159097739,3.349514563106796,6.917034421888791,0.09302081525387189,0.6389674881044833,0.6517470093636066,Oct14-23:45,0.0,None,100,BOB
64,0.8167196693193144,3.1147396293027363,6.180052956751986,0.7766588796619346,3.2533097969991176,6.4360105913503975,0.33593274026512177,3.5110326566637244,7.71315092674316,0.08746126988070059,0.6324254335301142,0.7243142438047739,Oct14-23:37,0.0,None,100,E14TG2A
65,0.8080517598094923,3.122683142100618,6.277140335392763,0.7714511277776045,3.2568402471315094,6.5057369814651365,0.3331926948740185,3.5145631067961167,7.770520741394527,0.0903831840518751,0.6223954091478799,0.7250427650402177,Oct14-23:50,0.0,None,100,E14TG2A
66,0.836258442051518,3.113857016769638,6.183583406884377,0.7864007198179025,3.2488967343336275,6.382171226831421,0.34464865483645196,3.4774933804060018,7.627537511032656,0.08561389974378501,0.644932365409834,0.7195390308909688,Oct14-23:31,0.0,None,100,E14TG2A
67,1.0363787429214892,2.9311562224183585,5.583406884377758,0.7626934306720413,3.0688437775816415,5.794351279788173,0.45154299144898585,3.323036187113857,6.903795233892321,0.0922354009865956,0.6401190655625022,0.6579989503686446,Oct14-23:13,0.0,None,100,BOB
68,1.1082421750066982,2.9029126213592233,5.488084730803178,0.7290121237533487,3.0185348631950575,5.68667255075022,0.5069499394196344,3.29567519858782,6.8225948808473085,0.10271780641471001,0.6011255738858887,0.6412374930801797,Oct14-22:55,0.0,None,100,BOB
69,1.0354137749880525,2.947043248014122,5.527802294792586,0.7422042934176645,3.0776699029126213,5.766107678729038,0.46976196771203765,3.351279788172992,6.879082082965578,0.09717183805453433,0.6377174760991081,0.6426311807201266,Oct14-23:19,0.0,None,100,BOB
70,0.7835308093666399,3.1032656663724625,6.233892321270962,0.785640487508941,3.241835834068844,6.449249779346867,0.3247448352099107,3.5225066195939982,7.7484554280670785,0.08518625208265274,0.6501471243741926,0.7223728105788708,Oct14-23:0,0.0,None,100,E14TG2A
71,1.013602212015523,2.9567519858781997,5.553398058252427,0.7462200442140272,3.088261253309797,5.77846425419241,0.45786994511493034,3.327449249779347,6.86054721977052,0.09729229083904735,0.6157838248698759,0.6501825832261746,Oct14-23:25,0.0,None,100,BOB
72,0.768280906683296,3.116504854368932,6.229479258605473,0.7967193502724234,3.2577228596646073,6.456310679611651,0.31283291856403933,3.5110326566637244,7.723742277140335,0.08384429628239559,0.6512971619262921,0.7282735554201526,Oct14-23:12,0.0,None,100,E14TG2A
73,1.0520301885699026,2.9267431597528684,5.524271844660194,0.745199966631401,3.054721977052074,5.735216240070609,0.47570605217476447,3.330979699911739,6.773168578993822,0.10016455254303672,0.6072004845818179,0.6412883206656109,Oct14-23:32,0.0,None,100,BOB
74,1.0213344746087625,2.962047661076787,5.549867608120035,0.7407255779056094,3.0917917034421887,5.768755516328332,0.4617974732460808,3.34333627537511,6.857016769638129,0.09732227034607722,0.6311859429897078,0.6430243274242368,Oct14-23:39,0.0,None,100,BOB
75,0.7623230540353907,3.159752868490733,6.275375110326567,0.7893848529110791,3.287731685789938,6.480141218005295,0.31528483169486704,3.5189761694616064,7.723742277140335,0.08217050545597401,0.6442409956846032,0.7255067244262892,Oct14-23:18,0.0,None,100,E14TG2A
76,0.8004698187855893,3.111209179170344,6.297440423654016,0.7645992201290542,3.262135922330097,6.5057369814651365,0.33427171709729186,3.5180935569285086,7.791703442188879,0.0937409601863428,0.6307951621074447,0.7275021119227505,Oct14-22:52,0.0,None,100,E14TG2A
77,1.0502073927260507,2.9514563106796117,5.583406884377758,0.7545800819103885,3.0979699911738745,5.791703442188879,0.4668830555538001,3.358340688437776,6.876434245366284,0.09283309307498837,0.6535074009038709,0.6479233237349006,Oct14-23:7,0.0,None,100,BOB
78,0.8205483191024384,3.0856134157105033,6.23036187113857,0.7611943977118851,3.226831421006178,6.4739629302736095,0.34553520308210073,3.496910856134157,7.739629302736099,0.08969848843282396,0.6523068018622854,0.7174987378243743,Oct14-23:44,0.0,None,100,E14TG2A
79,1.0379154635042558,2.940864960282436,5.541924095322154,0.7631148359190936,3.0741394527802295,5.764342453662842,0.4630921371662009,3.3442188879082084,6.8596646072374226,0.09378387393272793,0.6433298641960565,0.6495039649226554,Oct14-23:51,0.0,None,100,BOB
80,0.806386751598709,3.0856134157105033,6.205648720211827,0.7929772793852482,3.224183583406884,6.416593115622242,0.3282540688072467,3.4510150044130627,7.687555163283319,0.08501991226158503,0.6511131590243492,0.7280524984878781,Oct14-23:5,0.0,None,100,E14TG2A
81,0.7971861577557444,3.127978817299206,6.255075022065314,0.7660126252872589,3.2515445719329215,6.435127978817299,0.33298252906221154,3.4986760812003532,7.7272727272727275,0.09045669535910196,0.6033803252053146,0.72250173653051,Oct14-23:24,0.0,None,100,E14TG2A
82,0.9712909038744979,3.0044130626654897,5.613415710503089,0.8179802174700561,3.1332744924977933,5.809355692850838,0.41472536390060244,3.3768755516328333,6.922330097087379,0.0853956262683033,0.7097987820117314,0.6637313260589575,Oct14-22:54,0.0,None,300,BOB
83,1.0023395198168001,3.0097087378640777,5.598411297440424,0.8002217723184366,3.1270962047661075,5.791703442188879,0.43317901790334606,3.35657546337158,6.898499558693733,0.08784281350190228,0.7193289740557128,0.6586119434723553,Oct14-23:38,0.0,None,300,BOB
84,0.9954034069196271,2.9805825242718447,5.593115622241836,0.8169368968756822,3.1059135039717565,5.758164165931157,0.42815050878664607,3.3380406001765226,6.848190644307149,0.0890132766073925,0.6877566344594962,0.6604420846534745,Oct14-23:50,0.0,None,300,BOB
85,0.7362679607988667,3.1588702559576345,6.2515445719329215,0.8113345290153173,3.285083848190644,6.428949691085613,0.2953293537567438,3.5039717563989408,7.745807590467785,0.07889311596705664,0.6716750051138095,0.7322284424980641,Oct15-00:0,0.0,None,300,E14TG2A
86,0.7657238967742998,3.148278905560459,6.332744924977935,0.7755648320647922,3.2815533980582523,6.527802294792586,0.3275129193366403,3.5507502206531334,7.768755516328332,0.09118033166089608,0.6847037813022808,0.7264108211002722,Oct14-23:43,0.0,None,300,E14TG2A
87,0.7840009299448024,3.176522506619594,6.328331862312445,0.7967563119069627,3.3071491615180935,6.509267431597529,0.31573112331403846,3.5507502206531334,7.802294792586054,0.08583244712114953,0.6527013087981497,0.7317301772675344,Oct14-23:51,0.0,None,300,E14TG2A
88,0.9476440871185364,3.023830538393645,5.664607237422771,0.7938560567157108,3.1588702559576345,5.865842894969108,0.4203170712473704,3.4024713150926744,6.929390997352162,0.09526722844395366,0.7291479766345189,0.6549595737378358,Oct14-23:57,0.0,None,300,BOB
89,0.9935705385122379,3.0079435127978815,5.646954986760812,0.809430162577651,3.124448367166814,5.819947043248014,0.4295560433911833,3.3768755516328333,6.904677846425419,0.08571238261144652,0.7332775119106824,0.6606358022889925,Oct14-23:16,0.0,None,300,BOB
90,1.0068693813906502,3.0044130626654897,5.6107678729037955,0.8129842465350589,3.125330979699912,5.789938217122683,0.43287343261333483,3.3742277140335393,6.904677846425419,0.08630373201957545,0.708266253433852,0.6610070621145337,Oct15-00:6,0.0,None,300,BOB
91,0.7958834227059441,3.1703442188879083,6.306266548984995,0.7943646281570421,3.3097969991173875,6.489849955869373,0.32521571589006426,3.5119152691968227,7.751985878199471,0.08868893700590692,0.6807609425672198,0.7289633948282659,Oct14-23:32,0.0,None,300,E14TG2A
92,1.0401773590788521,3.0097087378640777,5.614298323036187,0.8150748023237848,3.127978817299206,5.802294792586054,0.44822789845906696,3.3609885260370698,6.852603706972639,0.08612469736915283,0.7158860587857007,0.6590090235612142,Oct14-23:31,0.0,None,300,BOB
93,0.7761593721741243,3.1853486319505735,6.372462488967344,0.8007596300711826,3.3045013239187995,6.562224183583407,0.3119597644913216,3.556045895851721,7.855251544571933,0.08643645841594697,0.6849538839676171,0.7345699635634565,Oct14-22:54,0.0,None,300,E14TG2A
94,0.9750828076538688,3.002647837599294,5.630185348631951,0.8035685185497611,3.136804942630185,5.8261253309797,0.41842032854395983,3.3883495145631066,6.906443071491615,0.08729077534395147,0.7094491917704828,0.661718988078306,Oct14-23:0,0.0,None,300,BOB
95,0.7529000073855469,3.1844660194174756,6.363636363636363,0.8011340378829723,3.3106796116504853,6.545454545454546,0.3030210941499003,3.5533980582524274,7.862312444836717,0.08589093950888466,0.6616528091775474,0.733957342146219,Oct14-23:16,0.0,None,300,E14TG2A
96,0.7828828816426242,3.148278905560459,6.306266548984995,0.794110899248285,3.2833186231244484,6.4624889673433366,0.31675894690973183,3.5428067078552514,7.772285966460724,0.08363069406511901,0.6604567570336731,0.7286332256055412,Oct14-23:25,0.0,None,300,E14TG2A
97,1.1283385171855012,3.001765225066196,5.599293909973522,0.7994486518591255,3.1262135922330097,5.793468667255075,0.49041438633590473,3.3645189761694616,6.872903795233892,0.09116420258938664,0.7210802322199451,0.660520383398207,Oct14-23:23,0.0,None,300,BOB
98,0.7874738427909832,3.1959399823477495,6.366284201235658,0.7908069501508336,3.316857899382171,6.526919682259488,0.3199552069444273,3.555163283318623,7.820829655781112,0.08725244471103942,0.6829247904330068,0.7310246041475409,Oct14-23:9,0.0,None,300,E14TG2A
99,1.0248140324390471,3.0079435127978815,5.631950573698147,0.7810479150656904,3.1350397175639895,5.802294792586054,0.4564210702076373,3.3759929390997354,6.889673433362754,0.09433369880969934,0.7152064670291627,0.6513808668987212,Oct14-23:7,0.0,None,300,BOB
100,0.7339131627478436,3.1871138570167696,6.342453662842012,0.8197528446696938,3.3124448367166814,6.525154457193292,0.29259660688049055,3.5454545454545454,7.802294792586054,0.07858283208888545,0.6451169350197024,0.7336693810282848,Oct15-00:7,0.0,None,300,E14TG2A
101,0.7952042734587446,3.153574580759047,6.254192409532215,0.7896021708729293,3.2921447484554283,6.4527802294792584,0.3255287762516159,3.5013239187996468,7.70873786407767,0.09030104157953779,0.6866205746020678,0.7282141367345514,Oct14-23:1,0.0,None,300,E14TG2A
102,0.936836870240881,3.0423654015887025,5.693733451015005,0.8139005301268231,3.159752868490733,5.868490732568403,0.4008115234441,3.4007060900264783,6.927625772285967,0.08590977097142732,0.7274718432692158,0.6625235351432532,Oct14-23:20,0.0,None,500,BOB
103,0.7294293073879757,3.1915269196822593,6.360105913503972,0.8160459740601554,3.3336275375110325,6.541041482789056,0.28807633046254777,3.5939982347749337,7.842012356575464,0.07912780538161425,0.6845629754346818,0.7362256321137524,Oct14-23:47,0.0,None,500,E14TG2A
104,0.9682725198067139,3.037952338923213,5.68667255075022,0.8247111180916442,3.149161518093557,5.872021182700794,0.40647674456530575,3.407766990291262,6.924095322153574,0.08238175627363166,0.7192249844245837,0.6656824766649881,Oct15-00:13,0.0,None,500,BOB
105,0.7316942514402879,3.1994704324801413,6.370697263901147,0.8201562297025307,3.323036187113857,6.538393645189761,0.29049316358722505,3.5392762577228596,7.818181818181818,0.078404853197791,0.7171210649490173,0.735614130128403,Oct14-23:3,0.0,None,500,E14TG2A
106,0.9808016682647017,3.028243601059135,5.684907325684025,0.828316364373763,3.154457193292145,5.86054721977052,0.413206253171173,3.414827890556046,6.94351279788173,0.08022271586235671,0.735396116843745,0.6646469806232199,Oct14-23:54,0.0,None,500,BOB
107,0.752754437132999,3.1959399823477495,6.387466902030009,0.8140178060842924,3.326566637246249,6.6107678729037955,0.29810197636907354,3.592233009708738,7.8649602824360105,0.07935481123958085,0.7074719363169412,0.7366484360643533,Oct14-23:28,0.0,None,500,E14TG2A
108,0.9550272226925456,3.0194174757281553,5.676963812886143,0.8234907772521843,3.1403353927625774,5.863195057369815,0.40735768198028544,3.401588702559576,6.9549867608120035,0.08241724553605302,0.7240907420893032,0.662620529451213,Oct14-23:12,0.0,None,500,BOB
109,0.9300136931030127,3.0432480141218003,5.689320388349515,0.8187635549090541,3.1288614298323036,5.857016769638129,0.3960214184235659,3.4051191526919684,6.921447484554281,0.0849647598667324,0.6961119439751156,0.6649753074494916,Oct15-00:5,0.0,None,500,BOB
110,1.0073218096774286,3.029126213592233,5.6522506619594,0.823545712406922,3.1412180052956753,5.819947043248014,0.42784707414696516,3.386584289496911,6.926743159752869,0.08209919038911757,0.7274024651361287,0.6648250092121254,Oct14-23:27,0.0,None,500,BOB
111,0.719541970088039,3.1968225948808473,6.401588702559576,0.8195395286544901,3.3150926743159754,6.580759046778464,0.2901601269497678,3.5745807590467784,7.868490732568403,0.07759091516674996,0.6922648126193433,0.7363321109705209,Oct15-00:4,0.0,None,500,E14TG2A
112,0.7989273009343371,3.1694616063548104,6.30008826125331,0.8226458510749594,3.290379523389232,6.507502206531333,0.3155182820991875,3.497793468667255,7.805825242718447,0.0808500270803406,0.6922994865650857,0.7343775518191095,Oct14-23:11,0.0,None,500,E14TG2A
113,0.9999145837426712,3.023830538393645,5.666372462488967,0.8151743871064236,3.136804942630185,5.851721094439541,0.4207249634293264,3.384819064430715,6.915269196822595,0.08325306759077006,0.730781532290661,0.663107518752769,Oct14-23:3,0.0,None,500,BOB
114,0.7982908402950176,3.1729920564872023,6.34333627537511,0.8218435378476954,3.3053839364518978,6.5207413945278025,0.32112122994728304,3.5383936451897617,7.718446601941747,0.07980755215998403,0.7124930073351553,0.730223253042742,Oct14-23:55,0.0,None,500,E14TG2A
115,0.9749173843166203,3.028243601059135,5.649602824360106,0.8278068506520814,3.124448367166814,5.8120035304501325,0.41544865620888594,3.415710503089144,6.932921447484555,0.08269450694760584,0.7304399475468462,0.664200172180412,Oct14-23:45,0.0,None,500,BOB
116,0.7807234215590403,3.2021182700794353,6.401588702559576,0.7930059926230668,3.34333627537511,6.588702559576346,0.3182493635691093,3.5772285966460724,7.834068843777581,0.09142015418946284,0.7035155949049021,0.7350963661817744,Oct14-22:54,0.0,None,500,E14TG2A
117,0.7962122705731367,3.174757281553398,6.322153574580759,0.8123034451733867,3.3071491615180935,6.513680494263019,0.3233640008047724,3.532215357458076,7.800529567519859,0.08277699025226408,0.7170588931280766,0.7311658569011977,Oct15-00:14,0.0,None,500,E14TG2A
118,0.775903178821174,3.177405119152692,6.305383936451897,0.8209914807778277,3.296557811120918,6.496028243601059,0.30958002796100775,3.52603706972639,7.766990291262136,0.07899355938001888,0.700634138824115,0.7314570536245814,Oct14-23:19,0.0,None,500,E14TG2A
119,1.0206952046172237,3.026478375992939,5.659311562224183,0.8034854704648454,3.136804942630185,5.834951456310679,0.4388988985527306,3.378640776699029,6.89585172109444,0.08625676081585111,0.7307795931763621,0.6584034011244198,Oct14-23:37,0.0,None,500,BOB
120,0.9898612873673124,3.040600176522507,5.6743159752868495,0.815470967451742,3.1376875551632835,5.834951456310679,0.4198669589652757,3.3962930273609886,6.942630185348632,0.08351236974197522,0.7118351959290385,0.6641461011680232,Oct14-22:55,0.0,None,500,BOB
121,0.7273914729296793,3.1941747572815533,6.444836716681377,0.8184162460620347,3.324801412180053,6.608120035304501,0.2907235154967444,3.5719329214474844,7.850838481906443,0.0776584547213642,0.6966577404399202,0.7361991563508294,Oct14-23:37,0.0,None,500,E14TG2A
122,0.7421420931533335,3.203883495145631,6.36540158870256,0.8461354205125488,3.3327449249779346,6.511032656663724,0.2874464805024783,3.5436893203883497,7.8120035304501325,0.07414982741557465,0.693063697004397,0.73628816703896,Oct15-00:49,0.0,None,1000,E14TG2A
123,1.0602927928476447,3.0511915269196823,5.688437775816417,0.8242090344711126,3.1579876434245366,5.834951456310679,0.44902298248148054,3.3936451897616946,6.940864960282436,0.08223094726415306,0.7369097283831634,0.6689927127981803,Oct15-01:0,0.0,None,1000,BOB
124,0.7345995066255094,3.2206531332744923,6.412180052956752,0.8337190002811341,3.349514563106796,6.571932921447485,0.2854689408758013,3.586054721977052,7.837599293909974,0.07534864270808153,0.6963657443852573,0.7385355043287489,Oct14-23:10,0.0,None,1000,E14TG2A
125,0.9514810457293007,3.0564872021182703,5.69991173874669,0.8281163359463819,3.1624007060900263,5.877316857899382,0.4008444747897763,3.4060017652250663,6.950573698146513,0.07859184422999341,0.7373036259381166,0.6675037401112668,Oct15-00:36,0.0,None,1000,BOB
126,0.982228567203982,3.0706090026478376,5.720211827007944,0.8220808257001828,3.1915269196822593,5.884377758164166,0.4178356906048688,3.4174757281553396,6.972639011473963,0.08058931396289169,0.7526206784240643,0.6676704785211354,Oct15-00:48,0.0,None,1000,BOB
127,0.8029594631522026,3.175639894086496,6.321270962047661,0.831872547756635,3.3115622241835836,6.485436893203883,0.31748857904341515,3.5436893203883497,7.820829655781112,0.08263500060762315,0.6937322555185357,0.7352773487347718,Oct14-23:22,0.0,None,1000,E14TG2A
128,0.9633963906353328,3.030891438658429,5.694616063548103,0.8237437681988317,3.1579876434245366,5.854368932038835,0.4177361203745611,3.3918799646954985,6.927625772285967,0.08100777712501035,0.7242713059616774,0.6669451244362449,Oct14-23:37,0.0,None,1000,BOB
129,0.955009404645488,3.060017652250662,5.6372462488967345,0.8266964833951833,3.1624007060900263,5.810238305383937,0.4074203528130541,3.380406001765225,6.898499558693733,0.07982659802857256,0.7461504902275963,0.6658315930109117,Oct14-22:58,0.0,None,1000,BOB
130,0.7317288737786837,3.215357458075905,6.445719329214475,0.8364415827572502,3.3424536628420123,6.593115622241836,0.2849799891687385,3.6054721977052075,7.886142983230362,0.07616580794899644,0.672911778023099,0.7376730654741466,Oct15-00:23,0.0,None,1000,E14TG2A
131,0.7083368256477687,3.232127096204766,6.442188879082083,0.8194507453341195,3.3618711385701676,6.601941747572815,0.2820992010090281,3.6054721977052075,7.879964695498676,0.08125274411342903,0.7135633066907866,0.7385679994914361,Oct15-00:37,0.0,None,1000,E14TG2A
132,1.054914184841874,3.058252427184466,5.705207413945278,0.8127284419226505,3.1668137687555165,5.844660194174757,0.4545544599742063,3.3998234774933804,6.947043248014122,0.0865910596425078,0.7341192800599149,0.6634786264123926,Oct15-00:9,0.0,None,1000,BOB
133,0.978206129999468,3.0423654015887025,5.644307149161518,0.8305573919249782,3.1588702559576345,5.825242718446602,0.41313916600369033,3.3874669020300088,6.936451897616946,0.07865601225274853,0.7487276388987659,0.667365877789857,Oct14-23:50,0.0,None,1000,BOB
134,0.7874708543848066,3.201235657546337,6.390114739629302,0.8223961321571966,3.330979699911739,6.562224183583407,0.3086309120838731,3.5595763459841128,7.842894969108562,0.08202852894832596,0.6965943456407059,0.7363674202766086,Oct15-01:6,0.0,None,1000,E14TG2A
135,1.0210411203605931,3.0388349514563107,5.681376875551633,0.8253248878226479,3.1641659311562225,5.854368932038835,0.4371204580317701,3.406884377758164,6.918799646954986,0.0796879422606037,0.7471634600960454,0.6660558918269524,Oct14-23:10,0.0,None,1000,BOB
136,0.9869143868790773,3.066195939982348,5.701676963812886,0.8154467651646674,3.171226831421006,5.879964695498676,0.418205655639263,3.4060017652250663,6.94792586054722,0.08287214856992164,0.7270711101876604,0.666498090152633,Oct14-23:22,0.0,None,1000,BOB
137,0.7384936529732024,3.2109443954104147,6.4210061782877315,0.8213637045224307,3.349514563106796,6.617828773168579,0.2890027652034007,3.592233009708738,7.877316857899382,0.07869702063984359,0.7156511797786494,0.7398513136215016,Oct14-22:57,0.0,None,1000,E14TG2A
138,0.755818673033869,3.1941747572815533,6.367166813768756,0.8308740064656049,3.3053839364518978,6.514563106796117,0.2992400721050913,3.5533980582524274,7.804942630185349,0.07702330540919897,0.6990079076908888,0.7354303611019617,Oct15-00:6,0.0,None,1000,E14TG2A
139,0.7132752733033838,3.2197705207413945,6.398058252427185,0.8311663735728694,3.345984112974404,6.549867608120035,0.27979238749684376,3.5798764342453664,7.854368932038835,0.0757580837968069,0.690044045459224,0.7382129945933814,Oct14-23:51,0.0,None,1000,E14TG2A
140,0.7065514135293642,3.2215357458075906,6.450132391879965,0.8348919804232101,3.34333627537511,6.631067961165049,0.27879980725893816,3.5975286849073256,7.874669020300089,0.07479039819733922,0.6714806590234832,0.7385570119912148,Oct14-23:36,0.0,None,1000,E14TG2A
141,0.9909503071520408,3.060017652250662,5.6902030008826125,0.8238691641295294,3.1606354810238306,5.847308031774051,0.42089603507811485,3.4227714033539276,6.962930273609885,0.0819366918664755,0.7573382822091885,0.6641948922315152,Oct15-00:20,0.0,None,1000,BOB
