,Top1 events recall,Top2 events recall,Top3 events recall,Top5 events recall,KL Divergence,CosineSimilarity,Kendall_Top3,Kendall_Top5,Kendall_Top10,abs_frameshift_error,Major0.2,Major0.25,Major0.3,Major0.35,Major0.4,OligoID,Rep1_frameshift,Pred_frameshift,Rep1_delratio,Pred_delratio,oligos,Coll_I_CosineSimilarity,Coll_I_Fuzzy_Top1,Coll_I_Major_Top1,Coll_I_Kendall_tau,Coll_I_Major0.2,Coll_I_Major0.25,Coll_I_Major0.3,Coll_I_Major0.35,Coll_I_Major0.4,Coll_I_Top1,Coll_I_Top2,Coll_I_Top3,Coll_I_Top5,Coll_I_Kendall_Top3,Coll_I_Kendall_Top5,Coll_I_Kendall_Top10,Coll_I_abs_error_top1,Coll_I_abs_error_top2,Coll_I_abs_error_top3,Coll_I_abs_error_top5,KLD_IDL,CosineSimilarity_IDL,delratio_r2,Kendall_tau_IDL,Major0.2_IDL,Major0.25_IDL,Major0.3_IDL,Major0.4_IDL,Major0.5_IDL,Top1_IDL,Top2_IDL,Top3_IDL,Top5_IDL,abs_error_top1_IDL,abs_error_top2_IDL,abs_error_top3_IDL,abs_error_top5_IDL,kfold_index,celltype,fix_setting
0,0.0,0.0,1.0,2.0,2.5125844478607178,0.40240601617511734,-0.33333333333333337,0.35856858280031806,0.023870495801314427,0.08186014621997495,0.0,0.0,0.0,0.0,,['mRagKO-sg1-4--0375'],[0.8888889],[0.9707490417316021],[],[],dict_keys(['mRagKO-sg1-4--0375']),0.3597086993610126,0.0,0.0,0.08684902109796921,0.0,0.0,0.0,0.0,,0.0,0.0,0.0,2.0,1.0,0.35856858280031806,-0.26257545381445874,0.32138663516839344,0.4706687070856491,0.5816069392028522,1.1294989609966664,1.5822887420654297,0.34015120319910946,0,0.40785962817917626,0.0,0.0,0.0,0.0,0.0,0.0,0.0,1.0,3.0,0.4313872035392974,0.5785378171065033,1.015390114748668,1.1766740791248997,0,mESC,fewshot
0,1.0,2.0,2.0,2.0,1.5599309206008911,0.8833903904770549,1.0,0.8366600265340755,0.35805743701971643,0.012353798418189399,1.0,1.0,1.0,1.0,,['mRagKO-sg1-4--0375'],[0.8888889],[0.8765350970934378],[],[],dict_keys(['mRagKO-sg1-4--0375']),0.891338752295776,1.0,1.0,0.0850604986641766,1.0,1.0,1.0,1.0,,1.0,2.0,2.0,3.0,1.0,0.8366600265340755,0.3103164454170875,0.18074615313212078,0.25767670416831967,0.3682696108679391,0.5541458060155466,0.44531750679016113,0.9574014169649829,0,0.45981626871155534,1.0,1.0,1.0,1.0,1.0,1.0,2.0,2.0,4.0,0.0732656716743536,0.1407787309783873,0.21591516350605525,0.3773947804052486,0,mESC,pretrained
0,1.0,1.0,1.0,2.0,3.1066994667053223,0.9010583128511392,1.0,0.8366600265340755,0.07161148740394328,0.163662749460876,1.0,1.0,0.0,0.0,,['mRagKO-sg1-4--0375'],[0.8888889],[0.7252261460507512],[],[],dict_keys(['mRagKO-sg1-4--0375']),0.9010583211330444,1.0,1.0,0.08344111561854098,1.0,1.0,0.0,0.0,,1.0,1.0,1.0,2.0,1.0,0.8366600265340755,0.09656090991705352,0.10377647017029556,0.2034377406507403,0.3137378978526586,0.5326687949477276,2.1977686882019043,0.9508455479979383,0,0.31788107353292655,1.0,1.0,0.0,0.0,0.0,1.0,1.0,2.0,3.0,0.21114791397623422,0.26813746489392,0.37924857600503115,0.47595526525986326,0,mESC,Lindel
0,1.0,2.0,2.0,3.0,1.5983507633209229,0.9133211853572567,1.0,0.8366600265340755,0.4586643221060042,0.026489387281349197,1.0,1.0,1.0,1.0,,['mRagKO-sg1-4--0375'],[0.8888889],[0.862399508230278],[],[],dict_keys(['mRagKO-sg1-4--0375']),0.9253721620690436,1.0,1.0,0.104355934706259,1.0,1.0,1.0,1.0,,1.0,2.0,2.0,3.0,1.0,0.8366600265340755,0.506944777064531,0.0852126205118296,0.1278796766796182,0.2384961252471445,0.36889015655073437,0.343759685754776,0.9816215608847335,0,0.46770420832954024,1.0,1.0,1.0,1.0,0.0,1.0,2.0,3.0,3.0,0.023919840424942385,0.06107970534693152,0.08044584672183902,0.23021877349386122,0,mESC,inDelphi
0,1.0,2.0,2.0,2.0,1.5728342533111572,0.8642318928255678,1.0,0.8819171036881968,0.20006252931214213,0.028571435194166717,1.0,1.0,1.0,1.0,,['mRagKO-sg1-4--0375'],[0.8888889],[0.8603174603174605],[],[],dict_keys(['mRagKO-sg1-4--0375']),0.8755917009408241,1.0,1.0,0.10345177341610445,1.0,1.0,1.0,1.0,,1.0,1.0,2.0,3.0,1.0,0.629940788348712,0.29303177430330263,0.1066793650793651,0.23681746031746032,0.3468703703703704,0.5288809523809523,0.5914104580879211,0.9518113301888763,0,0.467402755376321,1.0,1.0,1.0,1.0,1.0,1.0,2.0,2.0,4.0,0.0008592592592592263,0.11406613756613752,0.18602380952380948,0.3424592592592592,0,mESC,FORECasT
0,1.0,1.0,2.0,2.0,1.878506064414978,0.9096317589114488,1.0,0.9999999999999999,0.781126577552403,0.10146474302927899,1.0,0.0,0.0,0.0,0.0,['mDcbld2'],[0.8375274],[0.9389921373240178],[],[],dict_keys(['mDcbld2']),0.8358079041689424,0.0,0.0,0.07026275020918304,1.0,0.0,0.0,0.0,0.0,0.0,1.0,3.0,3.0,-0.33333333333333337,0.6,0.5291502622129182,0.20191054258258562,0.2385505149384932,0.3412454596645279,0.5718240946300079,0.8591339588165283,0.8508786470397628,0,0.4041939107755779,1.0,0.0,0.0,0.0,,0.0,1.0,3.0,3.0,0.1979532602382406,0.22923937145499226,0.331934316181027,0.5469574790696948,1,mESC,fewshot
0,1.0,2.0,2.0,2.0,1.671422004699707,0.8376454835418259,1.0,0.9999999999999999,0.781126577552403,0.036936742787020194,1.0,1.0,0.0,0.0,0.0,['mDcbld2'],[0.8375274],[0.874464137081759],[],[],dict_keys(['mDcbld2']),0.8602882719648522,1.0,1.0,0.0671747572956164,1.0,1.0,0.0,0.0,0.0,1.0,2.0,3.0,3.0,1.0,0.9999999999999999,0.629940788348712,0.1163070968142293,0.22258933217144886,0.34218977602478273,0.5717895436560656,0.6339254379272461,0.8813361073599675,0,0.4197398304207925,1.0,1.0,1.0,0.0,,1.0,2.0,2.0,3.0,0.10710859982292648,0.22593912257925922,0.3455395659669318,0.5329246027418565,1,mESC,pretrained
0,1.0,2.0,2.0,2.0,4.260446548461914,0.8838149222349061,1.0,0.6,0.495558504409436,0.014614529409389787,1.0,1.0,0.0,0.0,0.0,['mDcbld2'],[0.8375274],[0.822912864885349],[],[],dict_keys(['mDcbld2']),0.8838149169712816,1.0,1.0,0.10247605799028385,1.0,1.0,0.0,0.0,0.0,1.0,2.0,2.0,2.0,1.0,0.6,0.22677868380553634,0.1566547630897061,0.2411738377316456,0.40635644193864007,0.6364661197764945,3.299635648727417,0.924286569422298,0,0.23514055191901265,1.0,1.0,0.0,0.0,,1.0,2.0,2.0,2.0,0.12432744053119876,0.1957046089170542,0.36088721312404864,0.5323309911924673,1,mESC,Lindel
0,1.0,2.0,2.0,2.0,1.836086392402649,0.901964655111747,1.0,0.9999999999999999,0.8506397826736707,0.036037371426876574,1.0,1.0,0.0,0.0,0.0,['mDcbld2'],[0.8375274],[0.8735647657216153],[],[],dict_keys(['mDcbld2']),0.9363530374116206,1.0,1.0,0.06835210977942521,1.0,1.0,0.0,0.0,0.0,1.0,1.0,3.0,3.0,0.33333333333333337,0.7999999999999999,0.5928701515604371,0.1283597664918168,0.1836916082361389,0.1982960117539009,0.42846529249607357,0.5936660170555115,0.962126281351954,0,0.4273819697267752,1.0,1.0,0.0,0.0,,1.0,1.0,3.0,3.0,0.12316473642919917,0.16337603262653808,0.17798043614430012,0.3654366126071178,1,mESC,inDelphi
0,1.0,2.0,2.0,2.0,2.430297613143921,0.873559213750574,1.0,0.9486832980505137,0.60324934681779,0.10162234978435303,0.0,0.0,0.0,0.0,0.0,['mDcbld2'],[0.8375274],[0.7359050445103857],[],[],dict_keys(['mDcbld2']),0.9076999684028245,1.0,,0.065007269616686,0.0,0.0,0.0,0.0,0.0,1.0,2.0,3.0,3.0,1.0,0.9486832980505137,0.4871987657646901,0.3217001676869955,0.43231499575134225,0.5341939402155078,0.7636003956478734,1.1165517568588257,0.9661950223263336,0,0.36933608848711713,0.0,0.0,0.0,0.0,,1.0,2.0,2.0,4.0,0.30785249211825166,0.40264140524689124,0.5045203497110569,0.6617210682492581,1,mESC,FORECasT
0,1.0,1.0,2.0,4.0,0.5751725435256958,0.8649774613271032,0.33333333333333337,0.39999999999999997,0.6922443782381184,0.03269411350841267,0.3333333333333333,1.0,,,,['mGM-sg1'],[0.9755378],[0.9428436634386088],[],[],dict_keys(['mGM-sg1']),0.8721667437295475,1.0,1.0,0.08531387306338711,0.3333333333333333,1.0,,,,1.0,1.0,2.0,4.0,0.33333333333333337,0.39999999999999997,0.7877263614433762,0.13532887795767168,0.3038944289115725,0.31970321957729464,0.4826617566915601,0.3436717689037323,0.8828506180400576,0,0.5071428571428571,0.3333333333333333,1.0,,,,1.0,1.0,2.0,4.0,0.13532887795767168,0.29054270815379,0.30635150347612505,0.47192673982241184,2,mESC,fewshot
0,0.0,1.0,2.0,3.0,1.1855669021606445,0.72201931613222,0.33333333333333337,0.19999999999999998,0.6445033866354896,0.11835816228062868,0.3333333333333333,0.0,,,,['mGM-sg1'],[0.9755378],[0.8571796146663928],[],[],dict_keys(['mGM-sg1']),0.7268971396802091,0.0,0.0,0.08424875358498211,0.3333333333333333,0.0,,,,0.0,1.0,2.0,3.0,0.33333333333333337,0.19999999999999998,0.6922443782381184,0.03994027873674055,0.2622088006573381,0.33763560244004176,0.6649387678958032,0.9168832302093506,0.7316163328905068,0,0.45952380952380956,0.3333333333333333,0.0,,,,0.0,1.0,2.0,3.0,0.03994027873674055,0.25708083332205434,0.33250763638532654,0.6636617495573613,2,mESC,pretrained
0,1.0,1.0,1.0,2.0,5.828221321105957,0.6936718848389696,1.0,0.5270462766947298,0.41025641025641024,0.23570456528224104,0.3333333333333333,1.0,,,,['mGM-sg1'],[0.9755378],[0.7398332116647804],[],[],dict_keys(['mGM-sg1']),0.6936719030099183,1.0,1.0,0.06282660798586265,0.3333333333333333,1.0,,,,1.0,1.0,1.0,2.0,1.0,0.5270462766947298,0.34591634777518054,0.03203676828751367,0.25784966696826994,0.46129158460809794,0.6542424503937444,5.469389915466309,0.7198112603831136,0,0.21850711221876892,0.3333333333333333,1.0,,,,1.0,1.0,1.0,3.0,0.03203676828751367,0.23403659247939143,0.43747851011921934,0.6436604650103044,2,mESC,Lindel
0,0.0,1.0,2.0,3.0,2.304114580154419,0.8080681416157485,0.33333333333333337,0.19999999999999998,0.5682911427735109,0.1574476975267458,0.3333333333333333,0.0,,,,['mGM-sg1'],[0.9755378],[0.8180900794202757],[],[],dict_keys(['mGM-sg1']),0.8138021146492261,0.0,0.0,0.07013023935380533,0.3333333333333333,0.0,,,,0.0,1.0,2.0,3.0,0.33333333333333337,0.19999999999999998,0.5310850045437944,0.003483071516063002,0.21228914053208434,0.29994490039867283,0.4870030844204669,2.0821855068206787,0.8340750597779969,0,0.3544211293328358,0.3333333333333333,0.0,,,,0.0,1.0,2.0,3.0,0.003483071516063002,0.18790528944976512,0.2755610493163536,0.4740529294290612,2,mESC,inDelphi
0,0.0,1.0,2.0,4.0,1.2345998287200928,0.7951612339602392,-0.33333333333333337,0.39999999999999997,0.7325794357582566,0.15462680386213523,0.3333333333333333,0.0,,,,['mGM-sg1'],[0.9755378],[0.8209109730848863],[],[],dict_keys(['mGM-sg1']),0.7885894834622896,0.0,0.0,0.10635008941769787,0.3333333333333333,0.0,,,,0.0,1.0,2.0,4.0,-0.33333333333333337,0.39999999999999997,0.8153742483272113,0.06792659074800123,0.2845533638484121,0.36268494517338756,0.559337194165232,0.8705350160598755,0.8142715630666373,0,0.41880892586034724,0.3333333333333333,0.0,,,,0.0,1.0,2.0,4.0,0.06792659074800123,0.27213100359996495,0.35026258492494033,0.5324220802935964,2,mESC,FORECasT
0,1.0,2.0,2.0,3.0,0.3797520101070404,0.9809657159847611,1.0,0.9999999999999999,0.6741998624632421,0.01735488080085723,1.0,1.0,1.0,1.0,1.0,['mAdam6'],[1.0],[0.9826451191991428],[],[],dict_keys(['mAdam6']),0.975486134959916,1.0,1.0,0.08559391919963681,1.0,1.0,1.0,1.0,1.0,1.0,2.0,2.0,4.0,1.0,0.6,0.5967623950328607,0.09518840523939576,0.22145934033749548,0.30133653693291074,0.3295804434872187,0.25977155566215515,0.9755133731764436,0,0.4404677232810785,1.0,1.0,1.0,1.0,1.0,1.0,2.0,2.0,4.0,0.09580150612434368,0.22207243842847568,0.30086650045879204,0.32983376514038854,3,mESC,fewshot
0,1.0,2.0,2.0,3.0,0.47894784808158875,0.9841088396137911,1.0,0.9999999999999999,0.6741998624632421,0.052167581076901115,1.0,1.0,1.0,1.0,1.0,['mAdam6'],[1.0],[0.9478324189230989],[],[],dict_keys(['mAdam6']),0.9786512561658374,1.0,1.0,0.08506010918216667,1.0,1.0,1.0,1.0,1.0,1.0,2.0,2.0,4.0,1.0,0.6,0.7399853698407473,0.0104301312329248,0.12372843577062642,0.20760911244283156,0.26335280254845994,0.3268941342830658,0.9783428092368189,0,0.44564969649615005,1.0,1.0,1.0,1.0,1.0,1.0,2.0,2.0,4.0,0.009132705521397333,0.12243101075759089,0.20511945028772605,0.25972100649292434,3,mESC,pretrained
0,1.0,1.0,1.0,1.0,3.8146393299102783,0.9404554590311717,0.33333333333333337,0.31622776601683794,0.280305955290694,0.11540060752222381,1.0,1.0,1.0,0.0,0.0,['mAdam6'],[1.0],[0.8845993924777762],[],[],dict_keys(['mAdam6']),0.9232006760104791,1.0,1.0,0.07578018023777605,1.0,1.0,1.0,0.0,0.0,1.0,1.0,1.0,2.0,0.33333333333333337,0.0,0.4615384615384615,0.3527458944875923,0.5452396313902346,0.6386363560874336,0.7142189509368098,3.7313284873962402,0.9254011246246994,0,0.25099272395849664,1.0,1.0,1.0,0.0,0.0,1.0,1.0,1.0,3.0,0.33813492050115274,0.5306286574037951,0.5762583176567101,0.6811027697757766,3,mESC,Lindel
0,1.0,2.0,2.0,2.0,0.6345142126083374,0.9862452077116907,1.0,0.7999999999999999,0.5747506123396285,0.07794058823180983,1.0,1.0,1.0,1.0,1.0,['mAdam6'],[1.0],[0.9220594117681902],[],[],dict_keys(['mAdam6']),0.9810017669316466,1.0,1.0,0.09907299466218816,1.0,1.0,1.0,1.0,1.0,1.0,2.0,2.0,3.0,1.0,0.6,0.8002501172485685,0.09085052840148689,0.21272169323169127,0.29242950326028194,0.32771456377780395,0.3606540262699127,0.9798490745570759,0,0.4430178954484865,1.0,1.0,1.0,1.0,1.0,1.0,2.0,2.0,4.0,0.08100813482966851,0.2028792996598729,0.26727966244424584,0.3292455461307643,3,mESC,inDelphi
0,1.0,2.0,2.0,2.0,0.7000837922096252,0.9845937367212065,1.0,0.9999999999999999,0.6207306613267989,0.10782241014799121,1.0,1.0,1.0,1.0,1.0,['mAdam6'],[1.0],[0.8921775898520088],[],[],dict_keys(['mAdam6']),0.9862963376631866,1.0,1.0,0.10771189032999498,1.0,1.0,1.0,1.0,1.0,1.0,2.0,2.0,3.0,1.0,0.6,0.7000665968986379,0.2018624529094169,0.2992187690932431,0.38934594510464166,0.43364987567742974,0.4902102053165436,0.9878594041659368,0,0.44822987068905695,1.0,1.0,1.0,1.0,0.0,1.0,2.0,2.0,4.0,0.19657704064726045,0.2939333568310866,0.3717728744140563,0.42219268328900084,3,mESC,FORECasT
0,1.0,2.0,2.0,4.0,0.5348513126373291,0.9845851153310784,1.0,0.9999999999999999,0.6741998624632421,0.04933487844991502,1.0,1.0,1.0,1.0,1.0,['mH2AB1-sg1'],[0.94083565],[0.9901705331854802],[],[],dict_keys(['mH2AB1-sg1']),0.9858655542744588,1.0,1.0,0.12287164711219613,1.0,1.0,1.0,1.0,1.0,1.0,2.0,3.0,4.0,1.0,0.9999999999999999,0.7191465199607915,0.24842101153106377,0.3066388920357186,0.3491488509303204,0.4060033003570795,0.31322014331817627,0.9799611397750955,0,0.6178520067443308,1.0,1.0,1.0,1.0,1.0,1.0,2.0,3.0,4.0,0.24842101153106377,0.3345311988560473,0.3770411589148023,0.4490029625131341,5,mESC,fewshot
0,1.0,1.0,3.0,3.0,0.3964250683784485,0.9855069941975148,0.33333333333333337,0.6,0.5843065474681431,0.00044129560455985484,1.0,1.0,1.0,1.0,1.0,['mH2AB1-sg1'],[0.94083565],[0.941276950340125],[],[],dict_keys(['mH2AB1-sg1']),0.9865645360707175,1.0,1.0,0.12437499113924526,1.0,1.0,1.0,1.0,1.0,1.0,1.0,3.0,3.0,0.33333333333333337,0.7999999999999999,0.5843065474681431,0.12766980942458794,0.20542864058517996,0.2324708812361828,0.28856519355944393,0.2548973262310028,0.9811376030690296,0,0.6424256661034804,1.0,1.0,1.0,1.0,1.0,1.0,1.0,3.0,4.0,0.12766980942458794,0.2318370972244059,0.2588793392723926,0.31872298492223894,5,mESC,pretrained
0,1.0,2.0,2.0,3.0,1.7521884441375732,0.9853405788790232,1.0,0.6,0.4494665749754947,0.21979190636929036,1.0,1.0,1.0,0.0,0.0,['mH2AB1-sg1'],[0.94083565],[0.7210437483662748],[],[],dict_keys(['mH2AB1-sg1']),0.9853405789901575,1.0,1.0,0.1279018346186713,1.0,1.0,1.0,0.0,0.0,1.0,2.0,2.0,3.0,1.0,0.6,0.4494665749754947,0.3207581988036688,0.3352863523385007,0.40115990147358094,0.43593307435795925,1.5314542055130005,0.9672994247593785,0,0.42419202811402335,1.0,1.0,1.0,0.0,0.0,1.0,1.0,2.0,3.0,0.3207581988036688,0.36126920005465,0.42714274918973033,0.44552518207405073,5,mESC,Lindel
0,1.0,1.0,2.0,3.0,0.4911405146121979,0.9877373100206157,0.33333333333333337,0.39999999999999997,0.5227272727272728,0.018839229937835045,1.0,1.0,1.0,1.0,1.0,['mH2AB1-sg1'],[0.94083565],[0.9219964247977301],[],[],dict_keys(['mH2AB1-sg1']),0.9873518335081656,1.0,1.0,0.13965976616553288,1.0,1.0,1.0,1.0,1.0,1.0,1.0,2.0,2.0,0.33333333333333337,0.5270462766947298,0.5227272727272728,0.030339711517736956,0.11701248992782631,0.13896712143432755,0.1865326378159242,0.24421308934688568,0.9832812638683397,0,0.6320217219899688,1.0,1.0,1.0,1.0,1.0,1.0,1.0,2.0,4.0,0.030339711517736956,0.13781171920283536,0.1597663507093366,0.20513314216334239,5,mESC,inDelphi
0,1.0,1.0,2.0,3.0,0.6549738645553589,0.9888851736804537,0.33333333333333337,0.6,0.6280768420189679,0.0908881206327321,1.0,1.0,1.0,1.0,1.0,['mH2AB1-sg1'],[0.94083565],[0.8499475341028331],[],[],dict_keys(['mH2AB1-sg1']),0.9894003575519922,1.0,1.0,0.15152214084540191,1.0,1.0,1.0,1.0,1.0,1.0,1.0,2.0,3.0,0.33333333333333337,0.5270462766947298,0.6280768420189679,0.10701655391921427,0.19323506230179277,0.209790668100042,0.24803113085778472,0.4234424829483032,0.9845506510565895,0,0.5168392550801185,1.0,1.0,1.0,1.0,1.0,1.0,1.0,2.0,4.0,0.10701655391921427,0.21358002154929093,0.23013562734754017,0.27524444789318636,5,mESC,FORECasT
0,1.0,2.0,2.0,3.0,0.9560556411743164,0.8086207353833952,1.0,0.7999999999999999,0.5111111111111111,0.0198282334098856,0.5,0.5,1.0,,,['mIL21R'],[0.9726398],[0.9528115657081564],[],[],dict_keys(['mIL21R']),0.8444507232593275,1.0,1.0,0.10588188480666616,0.5,0.5,1.0,,,1.0,2.0,2.0,3.0,1.0,0.7999999999999999,0.6,0.21035119534937852,0.3915579407952737,0.453365284643645,0.5600210577800588,0.3374863266944885,0.9054211788906983,0,0.5434053262677491,0.5,0.5,1.0,1.0,,1.0,2.0,2.0,4.0,0.1354045144137973,0.31661125706572474,0.3784186011469267,0.412903875735146,7,mESC,fewshot
0,1.0,1.0,1.0,1.0,1.7620033025741577,0.7527344938358738,1.0,0.39999999999999997,0.19999999999999998,0.13111538079920138,0.5,0.5,1.0,,,['mIL21R'],[0.9726398],[0.8415244183188406],[],[],dict_keys(['mIL21R']),0.777009064810875,1.0,1.0,0.10456790339360003,0.5,0.5,1.0,,,1.0,1.0,1.0,1.0,1.0,0.7999999999999999,0.28888888888888886,0.02863150478808396,0.27780687208399285,0.3817006341848025,0.514227314092377,1.0852538347244263,0.8415519489280422,0,0.43890430198548963,0.5,0.5,1.0,0.0,,1.0,1.0,1.0,2.0,0.04132021260435692,0.2904955808315884,0.39438934287419036,0.46297699028755535,7,mESC,pretrained
0,1.0,1.0,1.0,1.0,6.722292900085449,0.7405747903727509,0.816496580927726,0.10540925533894598,0.044946657497549475,0.1494177163393422,0.5,0.5,1.0,,,['mIL21R'],[0.9726398],[0.8232220827786998],[],[],dict_keys(['mIL21R']),0.7405747889253781,1.0,1.0,0.08282772119659121,0.5,0.5,1.0,,,1.0,1.0,1.0,1.0,0.816496580927726,0.10540925533894598,0.09200874124564723,0.023413836998500692,0.2968515506217144,0.40593132334028686,0.5281222596175073,6.462162494659424,0.8055510607614553,0,0.2749239731594323,0.5,0.5,1.0,0.0,,1.0,1.0,1.0,2.0,0.03331309729159848,0.3067508109148122,0.41583058363338465,0.4966347236843355,7,mESC,Lindel
0,1.0,1.0,1.0,1.0,2.9329404830932617,0.7465796017888324,1.0,0.39999999999999997,0.022222222222222223,0.08935365670638784,0.5,0.5,1.0,,,['mIL21R'],[0.9726398],[0.8832861424116542],[],[],dict_keys(['mIL21R']),0.7600278170137369,1.0,1.0,0.09866449663843274,0.5,0.5,1.0,,,1.0,1.0,1.0,1.0,1.0,0.6,0.08989331499509895,0.17001932386199076,0.4170705350135412,0.5261503077321137,0.6641869504896498,2.361234664916992,0.8380510743020041,0,0.38889239594684316,0.5,0.5,1.0,1.0,,1.0,1.0,1.0,3.0,0.09682279618356959,0.3438740073351201,0.45295378005369247,0.5014625556002599,7,mESC,inDelphi
0,1.0,1.0,1.0,1.0,1.9275691509246826,0.7290401743500954,1.0,0.19999999999999998,0.044946657497549475,0.18075079164739083,0.5,0.0,0.0,,,['mIL21R'],[0.9726398],[0.7918890074706512],[],[],dict_keys(['mIL21R']),0.7499310836258766,1.0,,0.1295355472309166,0.5,0.0,0.0,,,1.0,1.0,1.0,1.0,1.0,0.39999999999999997,0.15555555555555553,0.08063044336206421,0.3401940908166547,0.4439376842396028,0.5720028123054254,1.2994003295898438,0.7920188456801389,0,0.37441918727176116,0.5,0.5,0.0,0.0,,1.0,1.0,1.0,3.0,0.14529481485228907,0.40485846230687955,0.5086020557298276,0.6219043837750197,7,mESC,FORECasT
0,0.0,0.0,1.0,3.0,1.7657749652862549,0.7399278336310156,1.0,0.39999999999999997,0.24444444444444444,0.0017902494145616288,0.0,0.0,0.0,,,['mHCAR2'],[0.9067747],[0.9049844502733961],[],[],dict_keys(['mHCAR2']),0.783425303951863,0.0,,0.10967332549029032,0.0,0.0,0.0,,,0.0,0.0,1.0,3.0,1.0,0.39999999999999997,0.24444444444444444,0.1540748623385529,0.2715667421382992,0.359233489004362,0.4431906602318773,0.8469094038009644,0.8292815871214563,0,0.4909390255017046,0.0,0.0,0.0,,,0.0,1.0,1.0,3.0,0.14233574151987832,0.2598276175943343,0.3185004361210648,0.36280588036533357,9,mESC,fewshot
0,1.0,1.0,1.0,1.0,1.5773580074310303,0.8071121666940683,1.0,0.39999999999999997,0.3333333333333333,0.0036989869190620084,0.5,1.0,1.0,,,['mHCAR2'],[0.9067747],[0.9104736866070198],[],[],dict_keys(['mHCAR2']),0.7772981309597775,1.0,1.0,0.10702930385411483,0.5,0.5,1.0,,,1.0,1.0,1.0,2.0,1.0,0.39999999999999997,0.28888888888888886,0.12979547705506284,0.35795930177105745,0.445288992345365,0.5655799532725911,0.7208024859428406,0.8158467094006796,0,0.5098942002315001,0.5,0.5,1.0,,,1.0,1.0,2.0,3.0,0.13561557631944615,0.3637794001041182,0.38030492639917346,0.4526750999619577,9,mESC,pretrained
0,1.0,1.0,1.0,2.0,5.487996578216553,0.686207921173758,0.33333333333333337,0.0,0.044946657497549475,0.08190517106214135,0.0,0.0,0.0,,,['mHCAR2'],[0.9067747],[0.8248695286258164],[],[],dict_keys(['mHCAR2']),0.6454452984323685,1.0,,0.09745489630607364,0.0,0.0,0.0,,,1.0,1.0,1.0,2.0,0.33333333333333337,0.0,-0.022222222222222223,0.14396378864227471,0.4154708965942961,0.49925752454872,0.5995990473186037,5.036593914031982,0.6868590604238811,0,0.3517803191043797,0.0,0.0,0.0,,,1.0,1.0,1.0,2.0,0.1332193324478159,0.4047264403998373,0.4586755350884437,0.5112339613267177,9,mESC,Lindel
0,1.0,1.0,1.0,2.0,1.67677640914917,0.7961360729391899,1.0,0.6,0.4222222222222222,0.014900750869825674,0.5,1.0,1.0,,,['mHCAR2'],[0.9067747],[0.9216754505577834],[],[],dict_keys(['mHCAR2']),0.7656855292548342,1.0,1.0,0.11318335153004132,0.5,0.5,1.0,,,1.0,1.0,1.0,2.0,1.0,0.6,0.3333333333333333,0.21903243050168525,0.44958156652742476,0.5368478140578976,0.6672341526338166,0.7258449792861938,0.7957977898228051,0,0.5357242334811231,0.5,0.5,1.0,,,1.0,1.0,2.0,4.0,0.22800729393507885,0.45855642996081836,0.496089464972792,0.5825692055949507,9,mESC,inDelphi
0,1.0,1.0,2.0,2.0,1.467465877532959,0.8092792610880057,1.0,0.6,0.22473328748774737,0.07172315329620527,0.5,1.0,0.0,,,['mHCAR2'],[0.9067747],[0.8350515463917525],[],[],dict_keys(['mHCAR2']),0.7950069097521633,1.0,1.0,0.12723869002729085,0.5,0.5,0.0,,,1.0,1.0,2.0,2.0,1.0,0.6,0.15913201254311046,0.03507215578872158,0.23544524312218623,0.32064655113191387,0.4560669484810874,0.7833709716796875,0.8253101211792652,0,0.4725052558281733,0.5,0.5,0.0,,,1.0,1.0,2.0,3.0,0.02579380527325764,0.2261668926067223,0.2845640769051097,0.40648720843428116,9,mESC,FORECasT
0,1.0,1.0,2.0,2.0,0.7044345140457153,0.9513419561887109,0.33333333333333337,0.6,0.4666666666666666,0.023882057939266232,1.0,1.0,1.0,1.0,1.0,['mCD44'],[0.9580156],[0.9818976786477318],[],[],dict_keys(['mCD44']),0.9555631637687207,1.0,1.0,0.10980188060422426,0.5,1.0,1.0,1.0,1.0,1.0,2.0,2.0,3.0,1.0,0.7999999999999999,0.6444444444444444,0.14189615940925526,0.2693596142702029,0.32440210640190525,0.3683747162163373,0.35926565527915955,0.9518421766468257,0,0.5296690453869608,0.5,1.0,1.0,1.0,1.0,1.0,1.0,3.0,3.0,0.14246705968183326,0.26993051873373247,0.34157484419149486,0.38208879365239473,11,mESC,fewshot
0,1.0,1.0,1.0,2.0,0.7863335609436035,0.9443034815615372,1.0,0.7999999999999999,0.5111111111111111,0.00507927830585686,1.0,1.0,1.0,1.0,1.0,['mCD44'],[0.9580156],[0.9529363424026087],[],[],dict_keys(['mCD44']),0.9361448734512419,1.0,1.0,0.10632539191449975,0.5,1.0,1.0,1.0,1.0,1.0,1.0,1.0,2.0,1.0,0.7999999999999999,0.5111111111111111,0.11226061081764149,0.26495184333848215,0.35828299768029137,0.42435919945505435,0.5926288962364197,0.9247164538801473,0,0.5041866858150795,0.5,1.0,1.0,1.0,1.0,1.0,1.0,1.0,2.0,0.11394085029972578,0.266632083751889,0.3890082921282775,0.43740825228970853,11,mESC,pretrained
0,1.0,1.0,2.0,3.0,4.292291641235352,0.9357526713141002,0.33333333333333337,0.19999999999999998,0.2760262237369417,0.13933738075329227,1.0,1.0,0.0,0.0,0.0,['mCD44'],[0.9580156],[0.8186782399551733],[],[],dict_keys(['mCD44']),0.9192563664286921,1.0,1.0,0.07099893616927594,0.5,1.0,0.0,0.0,0.0,1.0,1.0,2.0,2.0,0.33333333333333337,0.5270462766947298,0.1797866299901979,0.23680719167519798,0.4373553436634878,0.5030590502774115,0.5626518648038841,4.2391180992126465,0.9006051079119016,0,0.3674930689697574,0.5,1.0,0.0,0.0,0.0,1.0,1.0,2.0,3.0,0.2101786677071597,0.41072681969544955,0.47900297863157376,0.5110519454755909,11,mESC,Lindel
0,1.0,1.0,2.0,3.0,1.1052342653274536,0.9816180481804151,1.0,0.7378647873726218,0.7501937734175208,0.04870187377512236,1.0,1.0,1.0,1.0,1.0,['mCD44'],[0.9580156],[0.9093137469333432],[],[],dict_keys(['mCD44']),0.9819605097253664,1.0,1.0,0.08602588463905833,0.5,1.0,1.0,1.0,1.0,1.0,2.0,2.0,2.0,1.0,0.9999999999999999,0.5683286162253945,0.10457370977920621,0.18591354133738336,0.27177802921596694,0.34387340290969337,0.9624993205070496,0.9628354440759297,0,0.4466924481968313,0.5,1.0,1.0,1.0,0.0,1.0,2.0,2.0,3.0,0.10081433331853235,0.1821541648767095,0.2807898556863285,0.3125716326359539,11,mESC,inDelphi
0,1.0,2.0,2.0,3.0,1.0112448930740356,0.9790846568084243,1.0,0.7999999999999999,0.6292532049656925,0.17313189977823296,0.0,0.0,0.0,0.0,0.0,['mCD44'],[0.9580156],[0.7848837209302326],[],[],dict_keys(['mCD44']),0.9741212536108126,1.0,,0.11752645852681216,0.0,0.0,0.0,0.0,0.0,1.0,2.0,2.0,3.0,1.0,0.7999999999999999,0.6,0.3152464630246363,0.3937015917571122,0.4786764379097946,0.5352076442354062,0.7810742259025574,0.955213189640198,0,0.3957344440451217,0.0,0.0,0.0,0.0,0.0,1.0,2.0,3.0,3.0,0.30652553279207817,0.38498066152455407,0.48474404562655665,0.5028609088338808,11,mESC,FORECasT
0,0.0,1.0,2.0,4.0,1.5338698625564575,0.6001744650083943,0.33333333333333337,0.0,0.6444444444444444,0.03710425794368921,1.0,1.0,0.0,0.0,,['mGpbar1'],[0.95540434],[0.9925085991645449],[],[],dict_keys(['mGpbar1']),0.6158197698575616,0.0,0.0,0.10236517922878173,1.0,1.0,0.0,0.0,,0.0,1.0,2.0,5.0,0.33333333333333337,0.19999999999999998,0.6888888888888888,0.08503469608454195,0.24349890163106286,0.3281320550774358,0.860394991727332,1.0184600353240967,0.6187937404085933,0,0.5055152782453616,1.0,1.0,0.0,,,0.0,1.0,2.0,5.0,0.08489480518014914,0.24335901072667004,0.3221756784402492,0.8504402839757285,12,mESC,fewshot
0,0.0,1.0,1.0,3.0,1.2918603420257568,0.7401658004793568,0.33333333333333337,0.0,0.5555555555555555,0.0013507272535662196,1.0,1.0,1.0,1.0,,['mGpbar1'],[0.95540434],[0.9540536139672895],[],[],dict_keys(['mGpbar1']),0.7610327901362586,0.0,0.0,0.11784810679308518,1.0,1.0,1.0,1.0,,0.0,1.0,2.0,4.0,1.0,0.39999999999999997,0.6888888888888888,0.0032675287899545102,0.16005828923092275,0.27144751695684244,0.6331121525015374,0.682703971862793,0.7664991598665118,0,0.5300889376045111,1.0,1.0,1.0,,,0.0,1.0,2.0,4.0,0.004620161062710237,0.16141092243500105,0.26526922669379127,0.6204867408539326,12,mESC,pretrained
0,0.0,1.0,2.0,3.0,4.097244739532471,0.7675849137288386,0.33333333333333337,0.0,0.31462660248284624,0.07818662996239323,1.0,0.0,0.0,0.0,,['mGpbar1'],[0.95540434],[0.8772177112584625],[],[],dict_keys(['mGpbar1']),0.7675849193418023,0.0,,0.10599656411816016,1.0,0.0,0.0,0.0,,0.0,1.0,2.0,3.0,0.33333333333333337,0.0,0.31462660248284624,0.17492742945902126,0.3668707742143358,0.4333783051874429,0.6018552167861287,3.8273978233337402,0.7423415732340559,0,0.3203813208118573,1.0,0.0,0.0,,,0.0,1.0,1.0,3.0,0.1621805537587313,0.35412389851404585,0.3989396466831845,0.5865000045653949,12,mESC,Lindel
0,1.0,1.0,1.0,2.0,1.1362460851669312,0.8587642203699076,0.33333333333333337,0.39999999999999997,0.5555555555555555,0.018995297543221268,1.0,1.0,1.0,1.0,,['mGpbar1'],[0.95540434],[0.9364090436776344],[],[],dict_keys(['mGpbar1']),0.9083474107817913,1.0,1.0,0.13898413282468766,1.0,1.0,1.0,1.0,,1.0,1.0,2.0,3.0,1.0,0.6,0.6444444444444444,0.10366403401691004,0.2056646729962797,0.3213747430961681,0.4812412206315718,0.4587935507297516,0.9139833637360602,0,0.5155037508968461,1.0,1.0,1.0,,,1.0,1.0,2.0,3.0,0.1054963175939494,0.20749695657331904,0.311833694131624,0.46888679727515314,12,mESC,inDelphi
0,1.0,1.0,1.0,2.0,1.3008722066879272,0.8262289730099299,0.33333333333333337,0.19999999999999998,0.522862326927363,0.1321825838986801,1.0,1.0,0.0,0.0,,['mGpbar1'],[0.95540434],[0.8232217573221756],[],[],dict_keys(['mGpbar1']),0.8745569786036872,1.0,1.0,0.15105332926999085,1.0,1.0,0.0,0.0,,1.0,1.0,2.0,3.0,1.0,0.6,0.6741998624632421,0.11756072541296397,0.2561567898335505,0.3706878912197921,0.5018168244015501,0.6269091963768005,0.8803684610261334,0,0.474667241893078,1.0,1.0,0.0,,,1.0,1.0,2.0,3.0,0.11442265009915648,0.253018714519743,0.3549975146507545,0.47880427210029486,12,mESC,FORECasT
0,0.0,0.0,1.0,3.0,1.8597500324249268,0.5518342642822173,1.0,0.19999999999999998,0.1111111111111111,0.0034489781723436863,0.0,,,,,['mSTARD10'],[0.94113505],[0.9445840270386157],[],[],dict_keys(['mSTARD10']),0.7872698627400584,1.0,1.0,0.09478060961141423,0.5,1.0,,,,1.0,1.0,1.0,3.0,1.0,0.19999999999999998,0.28888888888888886,0.12947066652185907,0.25455418594372087,0.36447666798253675,0.5230464530244383,0.6871715188026428,0.7442510234562284,0,0.5616836424948463,0.5,0.5,0.0,,,0.0,1.0,1.0,3.0,0.23279531815492988,0.36226599212736954,0.4547860173351562,0.558969854433097,15,mESC,fewshot
0,1.0,1.0,1.0,3.0,1.6309897899627686,0.7771022525775971,1.0,0.39999999999999997,0.19999999999999998,0.06418809073284137,1.0,,,,,['mSTARD10'],[0.94113505],[0.8769469581334306],[],[],dict_keys(['mSTARD10']),0.8743670182022919,1.0,0.0,0.09161567828682657,0.5,0.0,,,,0.0,2.0,2.0,2.0,0.33333333333333337,0.19999999999999998,0.28888888888888886,0.07094869983785163,0.10744313530433364,0.21654892782999147,0.3607195362239236,0.38571327924728394,0.922658680672317,0,0.5616836424948463,0.5,0.5,0.0,,,1.0,2.0,2.0,3.0,0.06647441708188012,0.13742311691973175,0.20175313655686833,0.27930148782726916,15,mESC,pretrained
0,0.0,0.0,1.0,1.0,6.937694549560547,0.47715984209891826,0.33333333333333337,0.10540925533894598,-0.23002185311411807,0.34360064365505827,0.0,,,,,['mSTARD10'],[0.94113505],[0.5975344052112137],[],[],dict_keys(['mSTARD10']),0.417815156443224,0.0,,0.06455969847919195,0.0,0.0,,,,0.0,0.0,1.0,1.0,-0.33333333333333337,0.10540925533894598,-0.08989331499509895,0.26968277466886054,0.3982516660263189,0.505731131739367,0.6698800047242749,6.127896308898926,0.5253228760166435,0,0.28458452519042077,0.0,0.0,0.0,,,0.0,0.0,1.0,2.0,0.22666623122088048,0.496349005889741,0.5577618660414476,0.6269570295933237,15,mESC,Lindel
0,0.0,1.0,1.0,2.0,3.0325067043304443,0.6585910748178804,1.0,0.19999999999999998,0.022222222222222223,0.11667624500912044,0.0,,,,,['mSTARD10'],[0.94113505],[0.8244588038571515],[],[],dict_keys(['mSTARD10']),0.7783180746287064,0.0,,0.07041714838550886,0.0,0.0,,,,0.0,1.0,1.0,2.0,0.33333333333333337,0.6,0.19999999999999998,0.15043898808647566,0.23164247650839154,0.33852625889944254,0.5016813974401677,1.5590566396713257,0.7137957660030778,0,0.4678373081769322,0.0,0.0,0.0,,,0.0,1.0,1.0,3.0,0.1764530066533567,0.3268919947398323,0.374846825562504,0.4541755172961156,15,mESC,inDelphi
0,0.0,0.0,1.0,2.0,2.303269386291504,0.6092713190357169,1.0,0.19999999999999998,0.08989331499509895,0.19665858392871205,0.0,,,,,['mSTARD10'],[0.94113505],[0.7444764649375599],[],[],dict_keys(['mSTARD10']),0.7501558936703172,0.0,,0.0999091299546589,0.0,0.0,,,,0.0,1.0,2.0,2.0,1.0,0.39999999999999997,0.26967994498529685,0.17458191011554638,0.3157628166878392,0.42460345754515794,0.5771973099516187,0.9935675859451294,0.7368898502109565,0,0.3841196500666862,0.0,0.0,0.0,,,0.0,1.0,2.0,2.0,0.24521847346227243,0.4198003835778188,0.5005980128505213,0.5817028923925807,15,mESC,FORECasT
0,1.0,1.0,1.0,2.0,0.13148656487464905,0.9999305577285883,1.0,0.9486832980505138,0.7302967433402215,0.013156245175139247,1.0,1.0,1.0,1.0,1.0,['mSRY'],[0.99052054],[0.9773642917244274],[],[],dict_keys(['mSRY']),0.9999305577247448,1.0,1.0,0.0638550815158464,1.0,1.0,1.0,1.0,1.0,1.0,1.0,1.0,2.0,1.0,0.7378647873726218,0.669438681395203,0.10016440850719355,0.11136259304200294,0.11785307922400529,0.12792860047147764,0.12528063356876373,0.9999611869106118,0,0.34008404887618215,1.0,1.0,1.0,1.0,1.0,1.0,1.0,1.0,2.0,0.1001018349570264,0.10848776757754322,0.11445163431426401,0.11490621215631329,16,mESC,fewshot
0,1.0,1.0,1.0,1.0,0.21667984127998352,0.9998507205517931,0.33333333333333337,0.7378647873726218,0.669438681395203,0.06239737730129491,1.0,1.0,1.0,1.0,1.0,['mSRY'],[0.99052054],[0.9281231595982717],[],[],dict_keys(['mSRY']),0.999850720548901,1.0,1.0,0.06351701579311653,1.0,1.0,1.0,1.0,1.0,1.0,1.0,1.0,1.0,0.33333333333333337,0.7378647873726218,0.669438681395203,0.1692073891781225,0.1871584591253567,0.18795565521026025,0.19002153927425558,0.20635369420051575,0.999889793616336,0,0.33348047511159606,1.0,1.0,1.0,1.0,1.0,1.0,1.0,1.0,2.0,0.16880542766645212,0.18406043936644792,0.18710722854842776,0.19142014064340207,16,mESC,pretrained
0,1.0,1.0,2.0,2.0,1.0099292993545532,0.9909547488673072,0.33333333333333337,0.7777777777777778,0.6900655593423543,0.2474977189333586,1.0,1.0,1.0,0.0,0.0,['mSRY'],[0.99052054],[0.7430228179662081],[],[],dict_keys(['mSRY']),0.990954748902589,1.0,1.0,0.08715729575393275,1.0,1.0,1.0,0.0,0.0,1.0,1.0,2.0,2.0,0.33333333333333337,0.7777777777777778,0.7590721152765897,0.6223757130479421,0.6388361555422358,0.6792520776824745,0.6792520776824745,0.9498618245124817,0.9733154542177441,0,0.3737183089084411,1.0,1.0,1.0,0.0,0.0,1.0,1.0,2.0,3.0,0.6189711406504824,0.6508917648782756,0.71146339533935,0.732095919408224,16,mESC,Lindel
0,1.0,1.0,1.0,1.0,0.3129614591598511,0.9998938153697109,0.33333333333333337,0.7777777777777778,0.7590721152765897,0.05829985225800349,1.0,1.0,1.0,1.0,1.0,['mSRY'],[0.99052054],[0.9322206846415632],[],[],dict_keys(['mSRY']),0.9998938153681085,1.0,1.0,0.08582734647740459,1.0,1.0,1.0,1.0,1.0,1.0,1.0,1.0,1.0,0.33333333333333337,0.7777777777777778,0.7590721152765897,0.24904137873902743,0.26529409186213626,0.2665604836070763,0.2665604836070763,0.2931019067764282,0.9999574507140291,0,0.32876941771523377,1.0,1.0,1.0,1.0,1.0,1.0,1.0,1.0,1.0,0.248894530507196,0.2562353804242208,0.26034867242470594,0.26413722926653416,16,mESC,inDelphi
0,1.0,1.0,1.0,2.0,0.333657443523407,0.9998916257192489,0.33333333333333337,0.7777777777777778,0.7701540462154054,0.11009725647628621,1.0,1.0,1.0,1.0,1.0,['mSRY'],[0.99052054],[0.8804232804232804],[],[],dict_keys(['mSRY']),0.9998916257195029,1.0,1.0,0.09009145500810099,1.0,1.0,1.0,1.0,1.0,1.0,1.0,1.0,2.0,0.33333333333333337,0.7777777777777778,0.7590721152765897,0.26905963147130374,0.2836421972184861,0.28791931507189283,0.28791931507189283,0.31728997826576233,0.9998455754353825,0,0.3481717215601174,1.0,1.0,1.0,1.0,1.0,1.0,1.0,1.0,2.0,0.26800143041310265,0.27623478981107863,0.2858029129554907,0.29532672247930025,16,mESC,FORECasT
0,1.0,2.0,2.0,3.0,0.48095014691352844,0.9826441764058703,1.0,0.9999999999999999,0.8090398349558905,0.13761038241204915,1.0,0.5,1.0,0.0,,['mNAT2'],[1.0],[0.8623896175879509],[],[],dict_keys(['mNAT2']),0.9865824606429335,1.0,1.0,0.099721524632686,1.0,0.5,1.0,0.0,,1.0,2.0,2.0,3.0,1.0,0.9999999999999999,0.8090398349558905,0.03516888565201498,0.10624512687724635,0.16544159569214464,0.24296496130076334,0.2701245844364166,0.9764012822821034,0,0.5348218343081758,1.0,0.5,1.0,,,1.0,2.0,2.0,3.0,0.03858144282138393,0.1096576840466153,0.1688541528615136,0.24303842715426677,19,mESC,fewshot
0,1.0,1.0,1.0,3.0,0.9184792637825012,0.8409167666095955,0.33333333333333337,0.6,0.7191465199607915,0.17370868995567434,0.5,0.5,1.0,1.0,,['mNAT2'],[1.0],[0.8262913100443257],[],[],dict_keys(['mNAT2']),0.84646536078266,1.0,1.0,0.09885166526527582,0.5,0.5,1.0,1.0,,1.0,1.0,1.0,3.0,0.33333333333333337,0.6,0.7191465199607915,0.044823319252541294,0.2859559892380628,0.38580309401067897,0.46596848020245046,0.6706206798553467,0.8370833250293674,0,0.4993149905366786,0.5,0.5,1.0,,,1.0,1.0,1.0,3.0,0.04968142099006717,0.2908140909755887,0.39066119761085,0.45520957431748105,19,mESC,pretrained
0,0.0,2.0,2.0,2.0,4.3750319480896,0.726794883736784,0.33333333333333337,0.31622776601683794,0.2655425022718972,0.209359331872497,0.5,0.5,0.0,0.0,,['mNAT2'],[1.0],[0.790640668127503],[],[],dict_keys(['mNAT2']),0.7267948827753037,1.0,0.0,0.07167330084003236,0.5,0.5,0.0,0.0,,0.0,2.0,2.0,2.0,0.33333333333333337,0.31622776601683794,0.2655425022718972,0.30246884769223603,0.32997438061369305,0.49772507856887305,0.5696263649917516,3.999220371246338,0.8385311267641208,0,0.27154742637794876,0.5,0.5,0.0,,,0.0,2.0,2.0,2.0,0.22361427734338216,0.2511198102648392,0.41887050822001914,0.48870729044453987,19,mESC,Lindel
0,1.0,1.0,2.0,3.0,1.542452096939087,0.8346359522638918,0.33333333333333337,0.6,0.6048147367590061,0.14106631704620942,0.5,0.5,1.0,1.0,,['mNAT2'],[1.0],[0.8589336829537906],[],[],dict_keys(['mNAT2']),0.8362827642925945,1.0,1.0,0.09022373240438036,0.5,0.5,1.0,1.0,,1.0,1.0,2.0,3.0,0.33333333333333337,0.6,0.6048147367590061,0.13102580759105759,0.36999618678902346,0.4491094788589997,0.5464398897313647,1.3578745126724243,0.8428737526758038,0,0.39730064399490905,0.5,0.5,1.0,,,1.0,1.0,2.0,3.0,0.13322896050654337,0.37219933970450925,0.4513126317744855,0.5231166356454635,19,mESC,inDelphi
0,1.0,2.0,3.0,3.0,0.8517310619354248,0.9580149020067605,1.0,0.7999999999999999,0.7272727272727273,0.19106957424714432,0.5,0.5,0.0,0.0,,['mNAT2'],[1.0],[0.8089304257528557],[],[],dict_keys(['mNAT2']),0.960661835305743,1.0,1.0,0.12177166311355271,0.5,0.5,0.0,0.0,,1.0,2.0,3.0,3.0,1.0,0.7999999999999999,0.7727272727272727,0.10091777100331678,0.27755150169177395,0.3622284717134129,0.4540326197426724,0.6300094723701477,0.9512218491657757,0,0.4305033807632929,0.5,0.5,0.0,,,1.0,2.0,3.0,3.0,0.0964367917951765,0.27307052248363367,0.3577474925052726,0.4360521597453317,19,mESC,FORECasT
0,0.0,1.0,3.0,4.0,3.3850021362304688,0.3094045349672011,-0.33333333333333337,0.5270462766947299,0.5291502622129182,0.2453039990790229,0.0,,,,,['mHSP90'],[0.744916],[0.990220020902906],[],[],dict_keys(['mHSP90']),0.3100058812090002,0.0,0.0,0.10832350354935258,0.0,,,,,0.0,1.0,3.0,3.0,-1.0,0.31622776601683794,0.4787549991450211,0.23143670760560742,0.32618260396293675,1.1596857035140757,1.3051404356668133,2.8167953491210938,0.30710171002997383,0,0.4950737714883372,0.0,,,,,0.0,1.0,3.0,4.0,0.22974055592436304,0.3244864516414081,1.1580954508274928,1.316126074311597,20,mESC,fewshot
0,0.0,1.0,2.0,4.0,2.1570322513580322,0.3528384267195614,-1.0,0.31622776601683794,0.5291502622129182,0.17801773012911326,0.0,,,,,['mHSP90'],[0.744916],[0.9229337519529963],[],[],dict_keys(['mHSP90']),0.35429877212894884,0.0,0.0,0.10456796734910451,0.0,,,,,0.0,1.0,2.0,3.0,-1.0,0.31622776601683794,0.5291502622129182,0.22527234308887234,0.2783914246933845,0.8841814161817794,1.02560089597891,1.5215517282485962,0.36461740076918225,0,0.49153753026342045,0.0,,,,,0.0,1.0,2.0,3.0,0.22045249777380338,0.27357158089171474,0.880361664279296,1.0222196929776426,20,mESC,pretrained
0,0.0,1.0,2.0,3.0,3.146324396133423,0.6365374670635093,-0.33333333333333337,0.10540925533894596,0.3275692099413302,0.03188195740352806,0.0,,,,,['mHSP90'],[0.744916],[0.7767979792274111],[],[],dict_keys(['mHSP90']),0.6365374615120254,0.0,0.0,0.07820690588062401,0.0,,,,,0.0,1.0,2.0,2.0,-0.33333333333333337,0.10540925533894596,0.3275692099413302,0.13719956552386442,0.24919618229273285,0.4129393733019215,0.5403170609240697,2.3999929428100586,0.6655857406433129,0,0.40566427553689216,0.0,,,,,0.0,0.0,2.0,2.0,0.12951877839057463,0.24151539515944306,0.41442549968318104,0.5386238116487299,20,mESC,Lindel
0,0.0,1.0,2.0,3.0,1.8439579010009766,0.4543021689404053,-1.0,0.10540925533894596,0.4787549991450211,0.07341691691002106,0.0,,,,,['mHSP90'],[0.744916],[0.8183329387339041],[],[],dict_keys(['mHSP90']),0.4573916737298455,0.0,0.0,0.09989781084732582,0.0,,,,,0.0,1.0,2.0,2.0,-1.0,0.31622776601683794,0.4787549991450211,0.22602315710995535,0.2361955972552539,0.5384583150459524,0.6717236432334341,0.965697169303894,0.5149888313309606,0,0.5086102407311488,0.0,,,,,0.0,1.0,2.0,2.0,0.2047569094206807,0.21492934956597926,0.5338755077256865,0.6497989426466957,20,mESC,inDelphi
0,0.0,1.0,2.0,2.0,2.0157575607299805,0.45308083886739897,-1.0,-0.10540925533894596,0.3567530340063379,0.04585320894534761,0.0,,,,,['mHSP90'],[0.744916],[0.7907692307692307],[],[],dict_keys(['mHSP90']),0.46291493419067214,0.0,0.0,0.11369906759622932,0.0,,,,,0.0,1.0,2.0,2.0,-1.0,0.10540925533894596,0.3567530340063379,0.23395607146589667,0.24093381367138722,0.4436148448613906,0.5730335165355983,1.013433575630188,0.5403703983067925,0,0.4555706535898329,0.0,,,,,0.0,1.0,2.0,2.0,0.22267402018384538,0.22965176238933593,0.4364353576819034,0.5670015758872242,20,mESC,FORECasT
0,0.0,2.0,2.0,2.0,1.1685060262680054,0.7766028195735075,0.33333333333333337,0.7378647873726218,0.6085806194501846,0.04630105924794847,0.5,0.0,0.0,0.0,0.0,['mMTAP'],[1.0],[0.9536989407520515],[],[],dict_keys(['mMTAP']),0.9089487214516818,1.0,1.0,0.062322257988780994,1.0,1.0,0.0,0.0,0.0,1.0,2.0,2.0,3.0,1.0,0.7378647873726218,0.6085806194501846,0.46780157014156354,0.4982831877985763,0.5223538033738947,0.5959400687503289,0.7454516291618347,0.9037754083023962,0,0.32027332758242394,1.0,1.0,0.0,0.0,0.0,1.0,2.0,2.0,2.0,0.46780155896569264,0.5047049561961348,0.526513509087286,0.5270771356123218,21,mESC,fewshot
0,0.0,1.0,1.0,1.0,2.703325033187866,0.3112185941218596,0.33333333333333337,0.7378647873726218,0.669438681395203,0.09878344953722262,0.5,0.0,0.0,0.0,0.0,['mMTAP'],[1.0],[0.9012165504627774],[],[],dict_keys(['mMTAP']),0.4111898901256479,1.0,0.0,0.0612330117672195,0.5,0.0,0.0,0.0,0.0,0.0,2.0,2.0,2.0,0.33333333333333337,0.5270462766947299,0.4868644955601477,0.6845978788974382,0.9679054719725417,0.9909932308206548,1.000495509999942,1.6140226125717163,0.4090713680603165,0,0.31366975381783785,0.5,0.0,0.0,0.0,0.0,0.0,1.0,2.0,2.0,0.6845978751721479,0.977874380709024,0.9932685787631412,0.9966348484509722,21,mESC,pretrained
0,0.0,1.0,1.0,1.0,13.677094459533691,0.2767240221060265,-0.33333333333333337,0.10540925533894596,0.2154101092138323,0.19047073087809163,0.5,0.0,0.0,0.0,0.0,['mMTAP'],[1.0],[0.8095292691219084],[],[],dict_keys(['mMTAP']),0.2767240169582207,1.0,0.0,0.170474347626537,0.5,0.0,0.0,0.0,0.0,0.0,1.0,1.0,1.0,-0.33333333333333337,0.2222222222222222,0.09231861823449956,0.7571193866374589,0.888203354851674,0.9088964947993068,0.9096236143009335,13.619945526123047,0.2777740211072977,0,0.10773861157720824,0.5,0.0,0.0,0.0,0.0,0.0,1.0,1.0,1.0,0.7571193866374589,0.9141518366646038,0.9162620219656199,0.9303150273818198,21,mESC,Lindel
0,0.0,1.0,1.0,2.0,2.3330109119415283,0.3478067156477778,0.33333333333333337,0.7378647873726218,0.6929348671835833,0.12010295895045298,0.5,0.0,0.0,0.0,0.0,['mMTAP'],[1.0],[0.879897041049547],[],[],dict_keys(['mMTAP']),0.4397466003344931,1.0,0.0,0.06133512369263276,0.5,0.0,0.0,0.0,0.0,0.0,2.0,2.0,2.0,0.33333333333333337,0.7378647873726218,0.5539117094069973,0.681873841962712,0.8887497125105213,0.9128981207380227,0.9129467804542986,1.6122289896011353,0.43564214468685364,0,0.3022021920412755,0.5,0.0,0.0,0.0,0.0,0.0,1.0,2.0,2.0,0.681873841962712,0.9023065496121921,0.914397281281641,0.9181730151418465,21,mESC,inDelphi
0,0.0,1.0,1.0,1.0,2.955934762954712,0.3807707214183121,0.33333333333333337,0.6666666666666666,0.6953794874591481,0.2224409448818898,0.0,0.0,0.0,0.0,0.0,['mMTAP'],[1.0],[0.7775590551181102],[],[],dict_keys(['mMTAP']),0.7033845526288807,1.0,,0.07269971036041532,0.0,0.0,0.0,0.0,0.0,0.0,2.0,2.0,2.0,0.33333333333333337,0.5270462766947299,0.5354496700964053,0.6695209614406085,0.7269137394244118,0.748031496062992,0.7598425196850392,1.689252495765686,0.6753545618311393,0,0.23142044939765838,0.0,0.0,0.0,0.0,0.0,0.0,2.0,2.0,2.0,0.6695209614406085,0.7111657079283489,0.7194881889763778,0.7332677165354329,21,mESC,FORECasT
0,1.0,1.0,1.0,2.0,0.5379723906517029,0.9817870708205193,1.0,0.9999999999999999,0.816496580927726,0.027574894011394235,1.0,1.0,1.0,1.0,1.0,['mRNASE1'],[0.96355],[0.9359750775691111],[],[],dict_keys(['mRNASE1']),0.9817870730350194,1.0,1.0,0.070261210670666,1.0,1.0,1.0,1.0,1.0,1.0,1.0,1.0,2.0,1.0,0.7999999999999999,0.7076303701373625,0.030735943508148234,0.1551251921027899,0.21745988876074557,0.25770366398114714,0.4713434875011444,0.9833463397207279,0,0.3511085771824871,1.0,1.0,1.0,1.0,1.0,1.0,1.0,1.0,2.0,0.03273516967408363,0.15184173962734643,0.20961198325250302,0.2491734650498078,22,mESC,fewshot
0,1.0,1.0,1.0,2.0,0.7983768582344055,0.9864846989461706,0.33333333333333337,0.7999999999999999,0.7620634755325442,0.10728156212280737,1.0,1.0,1.0,1.0,1.0,['mRNASE1'],[0.96355],[0.856268409457698],[],[],dict_keys(['mRNASE1']),0.986484700797424,1.0,1.0,0.070261210670666,1.0,1.0,1.0,1.0,1.0,1.0,1.0,1.0,2.0,0.33333333333333337,0.7999999999999999,0.7076303701373625,0.2647135518074035,0.3915813645601272,0.4394832314133644,0.4757144674658775,0.6677981615066528,0.9897282011947628,0,0.36262033381142117,1.0,1.0,1.0,1.0,0.0,1.0,1.0,1.0,2.0,0.250860842834413,0.3696128880858421,0.400285964147374,0.44390538718653255,22,mESC,pretrained
0,1.0,1.0,2.0,2.0,1.085068702697754,0.9870541099165622,1.0,0.9999999999999999,0.8770580193070292,0.16468012974603052,1.0,0.0,0.0,0.0,0.0,['mRNASE1'],[0.96355],[0.7988698418344748],[],[],dict_keys(['mRNASE1']),0.9870541080938903,1.0,,0.0868333877945441,1.0,0.0,0.0,0.0,0.0,1.0,1.0,2.0,2.0,1.0,0.9999999999999999,0.8023774198028779,0.5134089283099508,0.5755901801417376,0.6199425183366903,0.6500058149698517,0.8011514544487,0.9535923737337503,0,0.4049795123061359,1.0,1.0,0.0,0.0,0.0,1.0,2.0,2.0,3.0,0.47676099836942704,0.495890369774237,0.5053499963258127,0.5732567604097341,22,mESC,Lindel
0,1.0,1.0,1.0,1.0,0.9393643736839294,0.9857078538531573,1.0,0.9999999999999999,0.8770580193070292,0.1391058487466903,1.0,1.0,1.0,1.0,1.0,['mRNASE1'],[0.96355],[0.8244441228338151],[],[],dict_keys(['mRNASE1']),0.9857078558449872,1.0,1.0,0.0836666429662991,1.0,1.0,1.0,1.0,1.0,1.0,1.0,1.0,1.0,1.0,0.9999999999999999,0.7827803638564368,0.32548326471035427,0.45297508060719793,0.5175391178133646,0.5474968479015362,0.7141184210777283,0.9936937945985546,0,0.3473521844013346,1.0,1.0,1.0,1.0,0.0,1.0,1.0,1.0,1.0,0.3110364334185561,0.41927006521224347,0.4639621768307434,0.5231339106325209,22,mESC,inDelphi
0,1.0,1.0,1.0,2.0,0.9798924326896667,0.992159943083645,1.0,0.9999999999999999,0.8885233166386386,0.12155633425282808,1.0,1.0,1.0,1.0,0.0,['mRNASE1'],[0.96355],[0.8419936373276773],[],[],dict_keys(['mRNASE1']),0.9921599445083692,1.0,1.0,0.0886499765127727,1.0,1.0,1.0,1.0,0.0,1.0,1.0,1.0,2.0,1.0,0.7999999999999999,0.7016464154456233,0.3891716861081654,0.5051687698833509,0.5627016436903499,0.6023329798515376,0.7166283130645752,0.9972048388886602,0,0.3422259964740758,1.0,1.0,1.0,0.0,0.0,1.0,1.0,2.0,3.0,0.3722045599151643,0.4616905090137857,0.476805567338282,0.5312831389183457,22,mESC,FORECasT
0,1.0,2.0,3.0,4.0,0.6274330019950867,0.9680727968404756,1.0,0.7999999999999999,0.6444444444444444,0.006929241141449438,1.0,1.0,1.0,1.0,1.0,['mFABP4'],[0.95009965],[0.9570288881865849],[],[],dict_keys(['mFABP4']),0.9614153521539809,1.0,1.0,0.12546896709931463,0.5,1.0,1.0,1.0,1.0,1.0,2.0,3.0,4.0,1.0,0.7999999999999999,0.6,0.160493431991463,0.26869280014172925,0.29604569424104515,0.36206627910845435,0.4439159333705902,0.9621637609451199,0,0.5062836737059297,0.5,1.0,1.0,1.0,,1.0,2.0,3.0,4.0,0.160493431991463,0.2686927973477615,0.29647999468357866,0.351276907124355,24,mESC,fewshot
0,0.0,0.0,2.0,4.0,1.3763874769210815,0.34650282992818404,-0.33333333333333337,0.0,0.4222222222222222,0.08132581645850223,0.0,0.0,0.0,0.0,0.0,['mFABP4'],[0.95009965],[0.8687738305866333],[],[],dict_keys(['mFABP4']),0.3506009820308848,0.0,0.0,0.12773252379209063,0.0,0.0,0.0,0.0,0.0,0.0,0.0,2.0,4.0,-0.33333333333333337,0.0,0.4222222222222222,0.41985608785736056,0.5785545152675183,0.9477019702130023,1.087474248831958,1.1566076278686523,0.3598611933286244,0,0.5326697935081931,0.0,0.0,0.0,0.0,,0.0,0.0,2.0,4.0,0.41985608785736056,0.5785545134048732,0.95129752382573,1.0906083959652173,24,mESC,pretrained
0,1.0,1.0,2.0,3.0,3.901803970336914,0.8635923554785067,0.33333333333333337,0.19999999999999998,0.1797866299901979,0.17006298728320957,1.0,0.0,0.0,0.0,0.0,['mFABP4'],[0.95009965],[0.7800366597619259],[],[],dict_keys(['mFABP4']),0.8486162138840534,1.0,,0.12891678227847028,0.5,0.0,0.0,0.0,0.0,1.0,1.0,2.0,3.0,0.33333333333333337,0.19999999999999998,0.19999999999999998,0.26862603135955265,0.4768525881685332,0.513276997355828,0.5689589446971339,3.7663114070892334,0.8074489410790892,0,0.5078492888806807,0.5,0.0,0.0,0.0,,1.0,1.0,2.0,3.0,0.26862603135955265,0.4768525881685332,0.519773406511948,0.5769913641706139,24,mESC,Lindel
0,0.0,0.0,2.0,4.0,1.023383617401123,0.5343574882730366,-0.33333333333333337,0.0,0.4222222222222222,0.11796912819375116,0.0,0.0,0.0,0.0,0.0,['mFABP4'],[0.95009965],[0.8321305188513843],[],[],dict_keys(['mFABP4']),0.5463453231589461,0.0,,0.1471675688217087,0.0,0.0,0.0,0.0,0.0,0.0,0.0,2.0,4.0,-0.33333333333333337,0.0,0.4666666666666666,0.38804452404164025,0.4945369129738125,0.63986260137605,0.8346911766175062,0.82602459192276,0.549978960778109,0,0.5423885090270019,0.0,0.0,0.0,0.0,,0.0,0.0,2.0,4.0,0.38804452404164025,0.4945369129738125,0.6420233696551171,0.8313154872578534,24,mESC,inDelphi
0,0.0,1.0,3.0,4.0,0.9018769264221191,0.785881823453582,-0.33333333333333337,0.39999999999999997,0.4944132324730442,0.1607914709445064,0.0,0.0,0.0,0.0,0.0,['mFABP4'],[0.95009965],[0.7893081761006291],[],[],dict_keys(['mFABP4']),0.7919927862305284,0.0,,0.14802011089042078,0.0,0.0,0.0,0.0,0.0,0.0,1.0,3.0,4.0,-0.33333333333333337,0.39999999999999997,0.4944132324730442,0.34762752916781725,0.46361089939398853,0.5453108379411127,0.5921400552921952,0.695248544216156,0.7680291090588692,0,0.5990172412130105,0.0,0.0,0.0,0.0,,0.0,1.0,3.0,4.0,0.34762752916781725,0.46361089939398853,0.550512349960643,0.5906987026448088,24,mESC,FORECasT
0,0.0,1.0,1.0,2.0,1.2986180782318115,0.4433571011378126,0.33333333333333337,0.0,0.5060480768510597,0.09931698237933517,,,,,,['mMettl14-sg2'],[0.8363463],[0.9356633106378496],[],[],dict_keys(['mMettl14-sg2']),0.6072474705816283,0.0,0.0,0.18260145108826917,,,,,,0.0,0.0,2.0,3.0,-0.33333333333333337,0.0,0.5520524474738833,0.03472399047640659,0.12244615301135146,0.47237722617696054,0.5466303889069645,0.7615172266960144,0.5995659205349742,0,0.6461821690190958,,,,,,0.0,0.0,1.0,3.0,0.08430683405609166,0.15886122228628896,0.2283460566114336,0.5857410500774138,27,mESC,fewshot
0,1.0,1.0,2.0,4.0,0.7984238266944885,0.8364854564065963,0.33333333333333337,0.39999999999999997,0.6440611887195306,0.002442450334683599,,,,,,['mMettl14-sg2'],[0.8363463],[0.8339038779238308],[],[],dict_keys(['mMettl14-sg2']),0.8383288478639708,1.0,,0.18024754396308226,,,,,,1.0,1.0,1.0,4.0,0.33333333333333337,0.39999999999999997,0.5520524474738833,0.1020691312191119,0.15655338944383035,0.18573201183200078,0.31793121848292094,0.25195953249931335,0.9160486340155232,0,0.698244239508786,,,,,,1.0,1.0,2.0,4.0,0.05939122386038939,0.10215107709443476,0.16731476239564308,0.2549242477670469,27,mESC,pretrained
0,0.0,1.0,2.0,4.0,2.50009822845459,0.8082304816915804,1.0,0.6,0.5520524474738833,0.1572727570086705,,,,,,['mMettl14-sg2'],[0.8363463],[0.6790735712498439],[],[],dict_keys(['mMettl14-sg2']),0.7659645504231467,0.0,,0.15663072477085485,,,,,,0.0,1.0,2.0,3.0,1.0,0.6,0.4140393356054125,0.006919506567366229,0.08308957915647623,0.1883780132082743,0.3070393746474711,2.054840564727783,0.8793167487391826,0,0.5605435063118684,,,,,,1.0,1.0,2.0,3.0,0.005946633501825671,0.059424870274153344,0.11286747818662718,0.2723707998419827,27,mESC,Lindel
0,1.0,1.0,2.0,3.0,0.7969862222671509,0.8249962293384039,0.33333333333333337,0.39999999999999997,0.4600437062282361,0.03557797876718749,,,,,,['mMettl14-sg2'],[0.8363463],[0.8007683494913269],[],[],dict_keys(['mMettl14-sg2']),0.8626029860432858,0.0,,0.1821317121280092,,,,,,0.0,1.0,2.0,3.0,-0.33333333333333337,0.39999999999999997,0.5520524474738833,0.004808613819623109,0.0856107326062634,0.1451898200288611,0.20744209337127512,0.19265256822109222,0.939931878649581,0,0.7207680912514259,,,,,,0.0,1.0,2.0,4.0,0.02735004012391129,0.06853032707157623,0.07528921384887595,0.17534462457847966,27,mESC,inDelphi
0,1.0,1.0,2.0,3.0,1.0413293838500977,0.890014188830008,0.33333333333333337,0.7999999999999999,0.5882760066687646,0.11891337806694358,,,,,,['mMettl14-sg2'],[0.8363463],[0.7174329501915708],[],[],dict_keys(['mMettl14-sg2']),0.9180400929572667,1.0,,0.19875444100595724,,,,,,1.0,1.0,2.0,4.0,0.33333333333333337,0.6,0.7294622482692682,0.04037747053711918,0.11899346812405553,0.14765354968543215,0.24535162144691391,0.5293033123016357,0.9680913460899819,0,0.5060412719783002,,,,,,1.0,1.0,2.0,4.0,0.07526194642849716,0.13663656470508867,0.1876263567185402,0.2753932016706568,27,mESC,FORECasT
0,1.0,1.0,3.0,4.0,0.8108945488929749,0.9160354264324431,0.33333333333333337,0.7999999999999999,0.7333333333333333,0.03801483546607898,0.5,1.0,,,,['mSorl1'],[0.7679232],[0.8059380117546837],[],[],dict_keys(['mSorl1']),0.8995988053777165,1.0,1.0,0.10425194605836861,0.5,1.0,,,,1.0,1.0,3.0,4.0,0.33333333333333337,0.7999999999999999,0.6888888888888888,0.1215507418212265,0.25210486528185316,0.26715605216522287,0.32572194096604273,0.14943675696849823,0.9286770813346402,0,0.6570808432463673,0.5,1.0,,,,1.0,2.0,3.0,4.0,0.12155074554651679,0.22388987046388098,0.23630602517586718,0.2812837967375634,28,mESC,fewshot
0,0.0,1.0,2.0,3.0,1.400835633277893,0.731162094107042,-0.33333333333333337,0.19999999999999998,0.6,0.13955995882702155,0.0,0.0,,,,['mSorl1'],[0.7679232],[0.6283632174615832],[],[],dict_keys(['mSorl1']),0.7413863152023097,0.0,,0.09973869937980855,0.0,0.0,,,,0.0,1.0,2.0,3.0,-0.33333333333333337,0.19999999999999998,0.5555555555555555,0.1084585606756836,0.3357171233963758,0.427643950624525,0.505000006250401,0.6541301012039185,0.7154706085488733,0,0.6061161241026047,0.0,0.0,,,,0.0,1.0,2.0,3.0,0.10845855811454652,0.3270644197926462,0.43300138053357917,0.48945402172400326,28,mESC,pretrained
0,0.0,0.0,1.0,2.0,6.054073333740234,0.4779882038772229,-1.0,-0.19999999999999998,0.40451991747794525,0.1393166490194686,0.0,0.0,,,,['mSorl1'],[0.7679232],[0.6286065272691361],[],[],dict_keys(['mSorl1']),0.47798820453903335,0.0,,0.09002569528327506,0.0,0.0,,,,0.0,0.0,1.0,2.0,-1.0,-0.19999999999999998,0.40451991747794525,0.28217178282171784,0.49194892858690814,0.5602774723770908,0.6504404791516278,5.455771446228027,0.5048451541617138,0,0.42317383699547834,0.0,0.0,,,,0.0,0.0,1.0,3.0,0.28217178282171784,0.4619848616223399,0.5463319107895803,0.5908452084243037,28,mESC,Lindel
0,0.0,1.0,2.0,3.0,1.8056697845458984,0.8461171603667907,0.33333333333333337,0.19999999999999998,0.6444444444444444,0.03818932427240562,0.0,0.0,,,,['mSorl1'],[0.7679232],[0.7297338520161991],[],[],dict_keys(['mSorl1']),0.8460838134805484,0.0,,0.10546659473615136,0.0,0.0,,,,0.0,1.0,2.0,3.0,0.33333333333333337,0.19999999999999998,0.6444444444444444,0.1157338098245824,0.3346959292499089,0.3687727607693515,0.44704401832775653,0.8858896493911743,0.7269820803579212,0,0.5345663724322736,0.0,0.0,,,,0.0,1.0,2.0,3.0,0.1157338098245824,0.312982116268476,0.32839819249105584,0.3727755403177051,28,mESC,inDelphi
0,1.0,1.0,2.0,3.0,1.331145167350769,0.83181448345174,0.33333333333333337,0.19999999999999998,0.6741998624632421,0.031192815354422088,0.5,0.0,,,,['mSorl1'],[0.7679232],[0.7367303609341826],[],[],dict_keys(['mSorl1']),0.8265673439117865,1.0,,0.12973897810198748,0.5,0.0,,,,1.0,1.0,2.0,3.0,0.33333333333333337,0.19999999999999998,0.6292532049656925,0.05181084863912758,0.2755016430416406,0.32815561331340326,0.42096724510139216,0.6791359186172485,0.7782682854501798,0,0.5737325435101762,0.5,0.0,,,,1.0,1.0,2.0,4.0,0.05181084863912758,0.2638243606637213,0.30586261968283,0.3680899425980969,28,mESC,FORECasT
0,1.0,1.0,2.0,2.0,2.517735004425049,0.83629168318344,0.33333333333333337,0.31622776601683794,0.24343224778007386,0.103991957457092,1.0,1.0,1.0,0.0,0.0,['mHV5-sg7'],[0.855108],[0.9590999801469113],[],[],dict_keys(['mHV5-sg7']),0.8362916820210541,1.0,1.0,0.13764175886784524,1.0,1.0,1.0,0.0,0.0,1.0,1.0,2.0,2.0,0.33333333333333337,0.31622776601683794,0.24343224778007386,0.46063503667546934,0.6055267701939051,0.76720192102468,0.7673735966224923,1.5782712697982788,0.8340775602495715,0,0.2080125735844609,1.0,1.0,1.0,0.0,0.0,1.0,1.0,2.0,2.0,0.46063503667546934,0.60534544691657,0.7692464121054433,0.770895204520483,29,mESC,fewshot
0,0.0,1.0,2.0,2.0,2.891502618789673,0.33170493221068853,-0.33333333333333337,0.10540925533894596,0.18257418583505539,0.03749140854029065,0.0,0.0,0.0,0.0,0.0,['mHV5-sg7'],[0.855108],[0.89259943123011],[],[],dict_keys(['mHV5-sg7']),0.33170492883698843,0.0,0.0,0.12866855796005175,0.0,0.0,0.0,0.0,0.0,0.0,1.0,2.0,2.0,-0.33333333333333337,0.10540925533894596,0.18257418583505539,0.6868340899033708,0.831710577674017,1.108795132544175,1.1097613330327945,2.1655824184417725,0.32939929984347566,0,0.20140899981987487,0.0,0.0,0.0,0.0,0.0,0.0,1.0,2.0,2.0,0.6868340899033708,0.8294187800282777,1.1123007725816492,1.124824635376855,29,mESC,pretrained
0,1.0,1.0,2.0,2.0,3.445922374725342,0.8908063721286711,0.33333333333333337,0.31622776601683794,0.35954624775333743,0.021230836477423076,0.0,0.0,0.0,0.0,0.0,['mHV5-sg7'],[0.855108],[0.8338771862123963],[],[],dict_keys(['mHV5-sg7']),0.8908063714347296,1.0,,0.10896356689790515,0.0,0.0,0.0,0.0,0.0,1.0,1.0,2.0,2.0,0.33333333333333337,0.31622776601683794,0.314970394174356,0.5837440200573079,0.7286360223923924,0.7625716397611018,0.7796800043887587,1.5037287473678589,0.8820086131435706,0,0.23231138121335526,0.0,0.0,0.0,0.0,0.0,1.0,1.0,2.0,2.0,0.5837440200573079,0.7222601141739384,0.7645593489468188,0.7881338897234198,29,mESC,Lindel
0,0.0,0.0,1.0,2.0,3.892594337463379,0.3847763624108924,-0.33333333333333337,0.1111111111111111,0.2980197803396349,0.0497100772507979,0.0,0.0,0.0,0.0,0.0,['mHV5-sg7'],[0.855108],[0.9048180999406172],[],[],dict_keys(['mHV5-sg7']),0.38477635918027214,0.0,0.0,0.11663913239451819,0.0,0.0,0.0,0.0,0.0,0.0,0.0,1.0,2.0,-0.33333333333333337,0.10540925533894596,0.25197631533948484,0.6780293672006518,0.8229213695357365,1.0560508598497522,1.0564721810547995,2.1513137817382812,0.38259048570320686,0,0.19593328934544238,0.0,0.0,0.0,0.0,0.0,0.0,0.0,1.0,2.0,0.6780293672006518,0.8212754756206244,1.0582546308525766,1.071469920960684,29,mESC,inDelphi
0,0.0,1.0,2.0,2.0,3.697763681411743,0.6700938541628637,-0.33333333333333337,0.10540925533894596,0.27216552697590873,0.03199963823174157,0.0,0.0,0.0,0.0,0.0,['mHV5-sg7'],[0.855108],[0.8231083844580778],[],[],dict_keys(['mHV5-sg7']),0.6700938519976284,0.0,,0.11236187975763931,0.0,0.0,0.0,0.0,0.0,0.0,1.0,2.0,2.0,-0.33333333333333337,0.1111111111111111,0.25819888974716115,0.6426457368588814,0.787537739193966,0.8818239446456008,0.885913924195703,1.6039717197418213,0.6669329390863241,0,0.2756349663673172,0.0,0.0,0.0,0.0,0.0,0.0,1.0,2.0,2.0,0.6426457368588814,0.769132831218506,0.8715989957703452,0.895116378183433,29,mESC,FORECasT
0,0.0,1.0,2.0,3.0,2.795980215072632,0.4712442793814315,-1.0,-0.19999999999999998,0.4666666666666666,0.10553765594673337,0.5,0.0,,,,['mKat2a'],[0.87137806],[0.976915720102312],[],[],dict_keys(['mKat2a']),0.4852436046295029,0.0,0.0,0.14385746457994095,0.5,0.0,,,,0.0,1.0,2.0,3.0,-0.33333333333333337,-0.19999999999999998,0.4666666666666666,0.2507398074126924,0.27568433018553484,0.3514312747185557,0.8129579005683056,2.1738686561584473,0.5006907115008129,0,0.4660247182628883,0.5,0.0,,,,0.0,1.0,2.0,3.0,0.25990681275749256,0.284851335530335,0.6884169569171259,0.8138259881182872,30,mESC,fewshot
0,0.0,1.0,2.0,3.0,2.4984922409057617,0.26151119447915705,-1.0,-0.19999999999999998,0.4666666666666666,0.04917835250284952,0.0,0.0,,,,['mKat2a'],[0.87137806],[0.9205564166584281],[],[],dict_keys(['mKat2a']),0.26283546075805847,0.0,0.0,0.13646183297352268,0.0,0.0,,,,0.0,1.0,2.0,3.0,-0.33333333333333337,-0.19999999999999998,0.4666666666666666,0.24737845469332587,0.4405451068111085,0.490857120748909,1.205204662141202,1.7700238227844238,0.29520838924336273,0,0.5047448728960066,0.0,0.0,,,,0.0,1.0,2.0,4.0,0.25449300628821464,0.44765965840599725,1.1024997104805603,1.1951217371767864,30,mESC,pretrained
0,0.0,1.0,2.0,2.0,3.524746894836426,0.5329085714089266,-1.0,0.19999999999999998,0.3103164454170876,0.09276040337267988,0.0,0.0,,,,['mKat2a'],[0.87137806],[0.7786176607828987],[],[],dict_keys(['mKat2a']),0.5262322527019333,0.0,0.0,0.16614698817034174,0.0,0.0,,,,0.0,1.0,1.0,2.0,0.33333333333333337,-0.19999999999999998,0.18401748249129446,0.23991846422734625,0.3082015519013854,0.3912861441382315,0.6269925934596503,2.105485677719116,0.5664238332969842,0,0.44277292674895286,0.0,0.0,,,,0.0,1.0,2.0,2.0,0.2398680501638611,0.3081511378379002,0.49819951205464846,0.6119562440279902,30,mESC,Lindel
0,0.0,0.0,2.0,3.0,2.8378844261169434,0.30749831408121275,-1.0,-0.19999999999999998,0.4319297483312999,0.028958106779622628,0.0,0.0,,,,['mKat2a'],[0.87137806],[0.9003361709352012],[],[],dict_keys(['mKat2a']),0.3165542236982892,0.0,0.0,0.17129058342987552,0.0,0.0,,,,0.0,0.0,2.0,3.0,-1.0,-0.19999999999999998,0.4319297483312999,0.24103494237290166,0.4121618848374749,0.41417613847014734,1.006298940427235,1.4162561893463135,0.35242003468836014,0,0.5118397969609817,0.0,0.0,,,,0.0,0.0,2.0,4.0,0.2475806667202921,0.4187076091848654,0.9539989873240451,0.985767010374781,30,mESC,inDelphi
0,0.0,1.0,2.0,3.0,2.575338840484619,0.3399250049282595,-1.0,0.0,0.5843065474681431,0.005849782405311643,0.0,0.0,,,,['mKat2a'],[0.87137806],[0.865528281750267],[],[],dict_keys(['mKat2a']),0.3450843669669603,0.0,0.0,0.1835865492235247,0.0,0.0,,,,0.0,1.0,2.0,3.0,-0.33333333333333337,0.0,0.44946657497549475,0.24220192307473962,0.3908510885093168,0.4216411236490445,0.9200813905076424,1.1373295783996582,0.38396286866400337,0,0.4512241612062778,0.0,0.0,,,,0.0,1.0,2.0,3.0,0.24649318939549675,0.395142354830074,0.835451136418526,0.9099318657864375,30,mESC,FORECasT
0,0.0,0.0,2.0,4.0,0.6014660000801086,0.8279454744194621,-0.33333333333333337,0.0,0.5111111111111111,0.01962758131638509,0.0,0.0,0.0,,,['mMettl14-sg1'],[0.9155895],[0.9352170927108858],[],[],dict_keys(['mMettl14-sg1']),0.8377228520311686,0.0,,0.16056146734624333,0.0,0.0,0.0,,,0.0,0.0,2.0,4.0,-0.33333333333333337,0.0,0.5555555555555555,0.16911367035643915,0.2227893338093106,0.2631754741943119,0.4208144931572834,0.3151598870754242,0.7965464431520806,0,0.7128274588121026,0.0,0.0,0.0,,,0.0,0.0,2.0,5.0,0.2002393449604476,0.2561760586553083,0.29656219438369674,0.5188123264667621,31,mESC,fewshot
0,1.0,2.0,2.0,3.0,0.48524054884910583,0.9436259386517408,1.0,0.9999999999999999,0.6,0.07326031854199755,1.0,0.0,0.0,,,['mMettl14-sg1'],[0.9155895],[0.8423291928525032],[],[],dict_keys(['mMettl14-sg1']),0.9334683530276751,1.0,,0.16097235299102677,1.0,0.0,0.0,,,1.0,2.0,2.0,3.0,1.0,0.9999999999999999,0.6,0.07495852268473963,0.10494104781333485,0.2130709365478251,0.27427752376362674,0.2348884642124176,0.9221845662069451,0,0.7100963191231673,1.0,1.0,0.0,,,1.0,2.0,2.0,4.0,0.10235236478389353,0.13576619001395135,0.24389608072750207,0.33608022374049684,31,mESC,pretrained
0,1.0,2.0,2.0,3.0,3.2739923000335693,0.9233301982283959,1.0,0.6,0.46004370622823615,0.08312370301929439,0.5,0.0,0.0,,,['mMettl14-sg1'],[0.9155895],[0.8324658083752063],[],[],dict_keys(['mMettl14-sg1']),0.8993495324879051,1.0,,0.1312162478435866,0.5,0.0,0.0,,,1.0,2.0,2.0,3.0,1.0,0.6,0.40451991747794525,0.1210110531894319,0.17875341623036292,0.34246164108450494,0.36754173689044445,3.069634199142456,0.8720671752528979,0,0.5862304489405598,0.5,0.0,0.0,,,1.0,2.0,2.0,4.0,0.13785659653047228,0.16430709723509346,0.3280153220892355,0.40779907335285237,31,mESC,Lindel
0,1.0,2.0,3.0,3.0,0.7605876326560974,0.9634907760592247,1.0,0.9999999999999999,0.6444444444444444,0.07565934808908803,0.5,0.0,0.0,,,['mMettl14-sg1'],[0.9155895],[0.8399301633054127],[],[],dict_keys(['mMettl14-sg1']),0.9642477656402356,1.0,,0.14870421835935457,0.5,0.0,0.0,,,1.0,2.0,3.0,3.0,1.0,0.9999999999999999,0.6,0.11692299806091913,0.1569792759567548,0.1815835116995533,0.2518082628214645,0.46137693524360657,0.9412772320454471,0,0.6853645601195572,0.5,0.0,0.0,,,1.0,2.0,3.0,4.0,0.13774077544281582,0.16841187571077673,0.19301611145357525,0.2771826317448606,31,mESC,inDelphi
0,1.0,1.0,2.0,3.0,0.8848534822463989,0.9151322843577849,0.33333333333333337,0.7999999999999999,0.5393598899705937,0.12346034893234126,0.0,0.0,0.0,,,['mMettl14-sg1'],[0.9155895],[0.7921291624621595],[],[],dict_keys(['mMettl14-sg1']),0.9223192732617214,1.0,,0.14626273004256912,0.0,0.0,0.0,,,1.0,1.0,2.0,3.0,0.33333333333333337,0.7999999999999999,0.5555555555555555,0.14247523365105386,0.30184251180285593,0.36666072656618065,0.4504059228201937,0.5299714207649231,0.9022026456464094,0,0.48864233028134857,0.0,0.0,0.0,,,1.0,1.0,2.0,4.0,0.1617151564577668,0.31435760114372685,0.37917581590705157,0.4793621589956078,31,mESC,FORECasT
0,1.0,2.0,2.0,2.0,0.45205631852149963,0.9245085910384729,1.0,0.7999999999999999,0.7076303701373625,0.024229411997256367,1.0,0.5,0.5,0.5,0.5,['mCD74'],[0.9755306],[0.9513012123923921],[],[],dict_keys(['mCD74']),0.9245085958040331,1.0,1.0,0.0597902563358707,1.0,0.5,0.5,0.5,0.5,1.0,2.0,2.0,2.0,1.0,0.7999999999999999,0.7076303701373625,0.11774651284487747,0.3460200443020407,0.3637233838298411,0.38819372446690775,0.3261520266532898,0.9244628422866404,0,0.3050615506667511,1.0,0.5,0.5,0.5,1.0,1.0,2.0,3.0,3.0,0.11970467382618055,0.3479782052833438,0.3599104273856732,0.3842090059295656,32,mESC,fewshot
0,1.0,2.0,2.0,2.0,0.9453858137130737,0.8291120004453061,1.0,0.7999999999999999,0.7076303701373625,0.10614261732371233,0.5,0.5,0.5,0.5,0.5,['mCD74'],[0.9755306],[0.8693880070659361],[],[],dict_keys(['mCD74']),0.8291120074089051,1.0,1.0,0.059849261397202036,0.5,0.5,0.5,0.5,0.5,1.0,2.0,2.0,2.0,1.0,0.9999999999999999,0.816496580927726,0.045498173191862334,0.4165650098672453,0.43702628611112543,0.4614947650607408,0.7854856848716736,0.8283909901449988,0,0.3511085771824871,0.5,0.5,0.5,0.5,1.0,1.0,2.0,3.0,3.0,0.0525642393358966,0.4236310760112796,0.44824575277414386,0.46675181117777514,32,mESC,pretrained
0,1.0,2.0,2.0,2.0,1.0465035438537598,0.99786136502598,1.0,0.7999999999999999,0.6789347398332044,0.1461546004780011,1.0,0.5,0.0,0.0,0.0,['mCD74'],[0.9755306],[0.8293760239116473],[],[],dict_keys(['mCD74']),0.9978613657312189,1.0,1.0,0.06423370567166976,1.0,0.5,0.0,0.0,0.0,1.0,2.0,2.0,2.0,1.0,0.9486832980505137,0.8944271909999159,0.23818612889505264,0.46720457365612295,0.4897045889419867,0.5141739285646282,0.6106231808662415,0.9729106710873148,0,0.3521560976575095,1.0,0.5,0.0,0.0,0.0,1.0,2.0,3.0,3.0,0.22274466458484388,0.4517631093459142,0.5172875721430417,0.5340519091198483,32,mESC,Lindel
0,1.0,2.0,2.0,3.0,1.0826597213745117,0.8290544731827161,1.0,0.7999999999999999,0.6789347398332044,0.07574770271455189,0.5,0.5,0.5,0.5,0.5,['mCD74'],[0.9755306],[0.8997829216750965],[],[],dict_keys(['mCD74']),0.8290544801190549,1.0,1.0,0.0640073531502252,0.5,0.5,0.5,0.5,0.5,1.0,2.0,2.0,3.0,1.0,0.9486832980505137,0.8944271909999159,0.08138896853557975,0.44865639586196127,0.45158949878578003,0.4760588384084215,0.7549468874931335,0.8284155996346413,0,0.32419537210791227,0.5,0.5,0.5,0.5,1.0,1.0,2.0,3.0,3.0,0.08306029140738347,0.450327718733765,0.4756169097021166,0.49751741322125764,32,mESC,inDelphi
0,1.0,2.0,2.0,2.0,1.210777759552002,0.9665044090284808,1.0,0.7999999999999999,0.6789347398332044,0.14219729105631496,0.5,0.5,0.0,0.0,0.0,['mCD74'],[0.9755306],[0.8333333333333335],[],[],dict_keys(['mCD74']),0.9665044122375606,1.0,1.0,0.06707863715930064,0.5,0.5,0.0,0.0,0.0,1.0,2.0,2.0,2.0,1.0,0.9486832980505137,0.8944271909999159,0.23003513950646948,0.5332017949064614,0.5519637813964666,0.576433121019108,0.8019112348556519,0.9457850811229925,0,0.32047480321369554,0.5,0.5,0.0,0.0,0.0,1.0,2.0,3.0,3.0,0.22048099937908094,0.5236476547790728,0.570703078055522,0.5866798486760404,32,mESC,FORECasT
0,0.0,0.0,1.0,1.0,2.8088343143463135,0.8123101831188729,0.33333333333333337,0.6,0.5443310539518174,0.0721246072362387,0.0,0.0,0.0,0.0,0.0,['mAdgre1'],[1.0],[0.9278753927637613],[],[],dict_keys(['mAdgre1']),0.9978028367252912,1.0,1.0,0.07094720761348179,1.0,1.0,1.0,1.0,1.0,1.0,1.0,1.0,2.0,0.33333333333333337,0.7999999999999999,0.7076303701373625,0.2867591466853616,0.33506660884933065,0.3380802829491596,0.37582134613444385,0.38289210200309753,0.9910116344583995,0,0.36649834393452635,1.0,1.0,1.0,1.0,1.0,1.0,1.0,2.0,3.0,0.2867591373721359,0.33808027363593385,0.4017072697904972,0.40283901922093934,35,mESC,fewshot
0,0.0,0.0,0.0,0.0,4.980752468109131,0.3331621991410375,-1.0,0.19999999999999998,0.48989794855663554,0.22495435886185078,0.0,0.0,0.0,0.0,0.0,['mAdgre1'],[1.0],[0.7750456411381492],[],[],dict_keys(['mAdgre1']),0.9983473246093413,0.0,0.0,0.06838117364145063,0.0,0.0,0.0,0.0,0.0,0.0,1.0,1.0,1.0,0.33333333333333337,0.7999999999999999,0.7076303701373625,0.6874865081260202,0.7435977102698523,0.7692641175093751,0.8066418269190762,1.4711962938308716,0.570099273802434,0,0.33348047511159606,0.0,0.0,0.0,0.0,0.0,0.0,1.0,2.0,2.0,0.6874865020724235,0.7692641114557783,1.0072001577653302,1.0142603691208953,35,mESC,pretrained
0,0.0,0.0,1.0,1.0,15.88621997833252,0.06172238819420808,-1.0,-0.19999999999999998,0.2817180849095055,0.28684406685077435,0.0,0.0,0.0,0.0,0.0,['mAdgre1'],[1.0],[0.7131559331492257],[],[],dict_keys(['mAdgre1']),0.06172238794246356,0.0,,0.08923183630225684,0.0,0.0,0.0,0.0,0.0,0.0,0.0,1.0,1.0,-1.0,0.0,0.2817180849095055,0.8604076590487955,0.9092466662484071,0.934524702148109,0.9695584185781366,15.688968658447266,0.087922018947698,0,0.1346732644715103,0.0,0.0,0.0,0.0,0.0,0.0,0.0,1.0,2.0,0.8604076590487955,0.8839686303487052,1.0199583432538535,1.0573340846289916,35,mESC,Lindel
0,0.0,0.0,0.0,0.0,4.942117214202881,0.19349095014208378,-0.816496580927726,0.31622776601683794,0.6403729533481602,0.2666224696907411,0.0,0.0,0.0,0.0,0.0,['mAdgre1'],[1.0],[0.7333775303092589],[],[],dict_keys(['mAdgre1']),0.9753121137381441,0.0,,0.07047387874579318,0.0,0.0,0.0,0.0,0.0,0.0,0.0,1.0,1.0,0.816496580927726,0.9486832980505137,0.760638829255665,0.7573629635539784,0.7982412672666679,0.8135482306458183,0.8504111558575522,1.8392459154129028,0.4578509705275976,0,0.32876941771523377,0.0,0.0,0.0,0.0,0.0,0.0,0.0,1.0,2.0,0.7573629635539784,0.8135482306458183,1.0066294257744492,1.0261822808297683,35,mESC,inDelphi
0,0.0,0.0,0.0,0.0,4.158558368682861,0.49102958454183987,-0.33333333333333337,0.5270462766947298,0.7128324356402513,0.2206896551724138,0.0,0.0,0.0,0.0,0.0,['mAdgre1'],[1.0],[0.7793103448275862],[],[],dict_keys(['mAdgre1']),0.9996470127246295,1.0,,0.08564432546753588,1.0,0.0,0.0,0.0,0.0,1.0,1.0,1.0,1.0,1.0,0.9999999999999999,0.7983723279170815,0.6338066738271205,0.6806774235753382,0.7088733847141547,0.7438423645320196,1.263828992843628,0.972771083632708,0,0.3283460184182348,1.0,0.0,0.0,0.0,0.0,1.0,1.0,2.0,2.0,0.6338066738271205,0.7088733847141547,0.7359733704135313,0.7625743556352063,35,mESC,FORECasT
0,1.0,1.0,2.0,3.0,0.9650591611862183,0.8472644261010424,1.0,0.6,0.781126577552403,0.04972581427181488,0.5,0.5,0.5,1.0,1.0,['mIL7'],[0.92740005],[0.9771258668192697],[],[],dict_keys(['mIL7']),0.8543913148360817,1.0,1.0,0.07900441357138993,0.5,0.5,0.5,1.0,1.0,1.0,1.0,2.0,3.0,1.0,0.6,0.781126577552403,0.3201788868904114,0.5760356822729111,0.6499352414794267,0.7382634923276492,0.6467792391777039,0.8573739629630709,0,0.44564969649615005,0.5,0.5,0.5,1.0,,1.0,1.0,2.0,4.0,0.32071544720418754,0.5765722430523486,0.6488279134610203,0.7123779975234066,37,mESC,fewshot
0,1.0,2.0,3.0,4.0,0.9347070455551147,0.8450541234839828,1.0,0.9999999999999999,0.8819171036881969,0.0024556384282732324,0.5,0.5,0.5,1.0,1.0,['mIL7'],[0.92740005],[0.9249444141191816],[],[],dict_keys(['mIL7']),0.8476205516457129,1.0,1.0,0.07883548850666738,0.5,0.5,0.5,1.0,1.0,1.0,2.0,3.0,4.0,1.0,0.9999999999999999,0.8819171036881969,0.25537033939361575,0.5236661398530007,0.5794716171622277,0.7084202632838861,0.6961955428123474,0.8516229337789076,0,0.4663775893564361,0.5,0.5,0.5,1.0,,1.0,2.0,2.0,4.0,0.259370469968766,0.5276662718251348,0.5785498071454932,0.6852166196920444,37,mESC,pretrained
0,1.0,1.0,2.0,3.0,5.754046440124512,0.8338557206663215,0.33333333333333337,0.39999999999999997,0.6,0.05645794785519709,0.5,0.5,0.5,1.0,0.0,['mIL7'],[0.92740005],[0.8709421046922577],[],[],dict_keys(['mIL7']),0.8338557268956822,1.0,1.0,0.06860701774463462,0.5,0.5,0.5,1.0,0.0,1.0,1.0,2.0,3.0,0.33333333333333337,0.39999999999999997,0.6,0.10562415486176197,0.413824154861762,0.41940942106983875,0.513412913711963,5.451558589935303,0.8368960462259708,0,0.29854924007694866,0.5,0.5,0.5,0.0,,1.0,1.0,2.0,3.0,0.08473681588572346,0.3929368158857235,0.4047225133940556,0.4652064162444091,37,mESC,Lindel
0,1.0,2.0,3.0,4.0,0.6119215488433838,0.9090596103673532,1.0,0.9999999999999999,0.9473309334313419,0.007239049989029578,0.5,0.5,0.5,1.0,1.0,['mIL7'],[0.92740005],[0.9346391025364844],[],[],dict_keys(['mIL7']),0.926952333298441,1.0,1.0,0.09812190821441767,0.5,0.5,0.5,1.0,1.0,1.0,2.0,3.0,4.0,1.0,0.9999999999999999,0.9473309334313419,0.14149115166618542,0.29727611280540345,0.3468097464711924,0.47823330518863205,0.33308714628219604,0.9317578203277037,0,0.47950172213247955,0.5,0.5,0.5,1.0,,1.0,2.0,3.0,4.0,0.14758538635132046,0.3033703474905385,0.34648614589495674,0.4497784174462549,37,mESC,inDelphi
0,1.0,2.0,2.0,2.0,0.8790985941886902,0.8796689709868937,1.0,0.9999999999999999,0.9473309334313419,0.04554351246306676,0.5,0.5,0.5,1.0,1.0,['mIL7'],[0.92740005],[0.8818565400843881],[],[],dict_keys(['mIL7']),0.8843368107615035,1.0,1.0,0.1020560328858501,0.5,0.5,0.5,1.0,1.0,1.0,2.0,2.0,2.0,1.0,0.9999999999999999,0.9473309334313419,0.10045569620253159,0.3305966244725739,0.3931286919831224,0.526860759493671,0.6050869226455688,0.8904633988919501,0,0.45550362526721894,0.5,0.5,0.5,1.0,,1.0,2.0,2.0,3.0,0.10783966244725729,0.3379805907172996,0.39312869198312234,0.4962700421940929,37,mESC,FORECasT
0,1.0,1.0,1.0,3.0,0.6452183723449707,0.9788288213842304,0.33333333333333337,0.6,0.5555555555555555,0.07746235244466959,1.0,1.0,1.0,1.0,1.0,['mSlc7a10'],[0.9591836],[0.8817212212781698],[],[],dict_keys(['mSlc7a10']),0.9818695280665476,1.0,1.0,0.12145807069336734,1.0,1.0,1.0,1.0,1.0,1.0,1.0,2.0,4.0,0.33333333333333337,0.6,0.7333333333333333,0.15673126611836696,0.2812533444198882,0.28703183220285855,0.31606656107885767,0.2846580743789673,0.9863073408707574,0,0.5951951128575128,0.5,1.0,1.0,1.0,0.0,1.0,2.0,3.0,4.0,0.1551756858218133,0.2620636925994644,0.2678421831764024,0.31635749195778173,39,mESC,fewshot
0,1.0,1.0,1.0,1.0,0.9292522072792053,0.9574611830689593,1.0,0.7999999999999999,0.3333333333333333,0.11746663209396502,1.0,1.0,1.0,1.0,1.0,['mSlc7a10'],[0.9591836],[0.8417169416288743],[],[],dict_keys(['mSlc7a10']),0.9588253616315131,1.0,1.0,0.11207290595734085,1.0,1.0,1.0,1.0,1.0,1.0,1.0,2.0,3.0,0.33333333333333337,0.39999999999999997,0.6888888888888888,0.05236102972157741,0.21964119844465607,0.27651698985654793,0.3190335850725383,0.5936336517333984,0.943140932065186,0,0.5442303937137501,0.5,1.0,1.0,1.0,1.0,1.0,1.0,1.0,4.0,0.04918882326201046,0.25472924874250236,0.31160504108571674,0.34353769082884666,39,mESC,pretrained
0,1.0,1.0,2.0,2.0,2.3933167457580566,0.9654001187117002,1.0,0.9486832980505137,0.4944132324730442,0.24797076972459653,0.0,0.0,0.0,0.0,0.0,['mSlc7a10'],[0.9591836],[0.7112128039982428],[],[],dict_keys(['mSlc7a10']),0.9606446000172788,1.0,,0.11718340475790477,0.0,0.0,0.0,0.0,0.0,1.0,1.0,2.0,3.0,1.0,0.39999999999999997,0.5111111111111111,0.4027702271089248,0.5346482934654287,0.6234057600014891,0.6475863807262481,2.2061285972595215,0.8788269916964906,0,0.4602943490126255,0.0,0.0,0.0,0.0,0.0,1.0,1.0,2.0,2.0,0.3992182809976903,0.5449170938939869,0.6336745604300472,0.7019629440647753,39,mESC,Lindel
0,1.0,1.0,1.0,1.0,1.0551079511642456,0.9541321059325909,0.816496580927726,0.10540925533894598,0.4944132324730442,0.05145930970677992,1.0,1.0,1.0,1.0,1.0,['mSlc7a10'],[0.9591836],[0.9077242640160594],[],[],dict_keys(['mSlc7a10']),0.9506303633856183,1.0,1.0,0.13214302731544664,1.0,1.0,1.0,1.0,1.0,1.0,1.0,2.0,3.0,0.33333333333333337,0.31622776601683794,0.6741998624632421,0.0013985552839799187,0.17659798021602724,0.24947085947361086,0.29376227227321366,0.6228054761886597,0.9331086135343432,0,0.5583655602460391,0.5,1.0,1.0,1.0,1.0,1.0,1.0,2.0,3.0,0.00044198960540886567,0.21983725884868094,0.29271013810626456,0.30042498290055275,39,mESC,inDelphi
0,1.0,1.0,1.0,1.0,0.96856689453125,0.9571596309576687,1.0,0.9486832980505137,0.46004370622823615,0.11351099812325649,1.0,1.0,1.0,1.0,1.0,['mSlc7a10'],[0.9591836],[0.8456725755995829],[],[],dict_keys(['mSlc7a10']),0.960280609535708,1.0,1.0,0.13469690600306136,1.0,1.0,1.0,1.0,1.0,1.0,1.0,2.0,2.0,0.33333333333333337,0.39999999999999997,0.6137949055234262,0.020685060870215488,0.18722353069856282,0.22697161245881495,0.27711209422450495,0.5506865382194519,0.9448092290359615,0,0.5335347219903549,0.5,1.0,1.0,1.0,1.0,1.0,1.0,2.0,4.0,0.01859955513507472,0.2248439256412284,0.26459200740148053,0.28667946328297633,39,mESC,FORECasT
0,1.0,1.0,1.0,2.0,0.5354481339454651,0.9965226191886633,1.0,0.7999999999999999,0.7640931774583409,0.02537596197764813,1.0,1.0,1.0,1.0,1.0,['mPDL1'],[0.99769807],[0.9723221066411263],[],[],dict_keys(['mPDL1']),0.9976174113510737,1.0,1.0,0.09018442478584096,1.0,1.0,1.0,1.0,1.0,1.0,1.0,2.0,2.0,1.0,0.7999999999999999,0.7640931774583409,0.09586859770494482,0.10695308961531341,0.1451108850776761,0.1977542905572954,0.32308095693588257,0.9965781835188025,0,0.4556244658706512,1.0,1.0,1.0,1.0,1.0,1.0,1.0,1.0,2.0,0.09447363638461537,0.10555812829498395,0.14371592387376197,0.19505375596272864,40,mESC,fewshot
0,1.0,1.0,1.0,2.0,0.7405926585197449,0.9949692069035504,1.0,0.19999999999999998,0.5843065474681431,0.08927191137627233,1.0,1.0,1.0,1.0,1.0,['mPDL1'],[0.99769807],[0.9084261572425021],[],[],dict_keys(['mPDL1']),0.9971120720948666,1.0,1.0,0.08753358327141265,1.0,1.0,1.0,1.0,1.0,1.0,1.0,1.0,3.0,1.0,0.39999999999999997,0.7191465199607915,0.1545387012549021,0.1893904465492648,0.2338942060485094,0.26982203197834675,0.3727918863296509,0.9966864789799302,0,0.4054639742151666,1.0,1.0,1.0,1.0,1.0,1.0,1.0,1.0,2.0,0.14903226654420576,0.1838840120713991,0.22838777157064372,0.2553952924812074,40,mESC,pretrained
0,1.0,1.0,1.0,1.0,2.8442482948303223,0.9893204962026402,0.816496580927726,-0.10540925533894598,0.280305955290694,0.13675924662376082,1.0,1.0,0.0,0.0,0.0,['mPDL1'],[0.99769807],[0.8609388219950136],[],[],dict_keys(['mPDL1']),0.9893204964579109,1.0,1.0,0.06829560382636851,1.0,1.0,0.0,0.0,0.0,1.0,1.0,1.0,1.0,0.816496580927726,-0.10540925533894598,0.280305955290694,0.5095696941535074,0.5687542291520736,0.6175522984164188,0.6709695149508346,2.4462685585021973,0.9589239954720937,0,0.1598395192787397,1.0,1.0,0.0,0.0,0.0,1.0,1.0,1.0,1.0,0.4781768095837406,0.5373613445823069,0.5861594138466519,0.6220000554923448,40,mESC,Lindel
0,1.0,1.0,1.0,2.0,1.3095059394836426,0.9950709072874593,1.0,0.39999999999999997,0.6035056869815845,0.054052223026258894,1.0,1.0,1.0,1.0,1.0,['mPDL1'],[0.99769807],[0.9436458455925155],[],[],dict_keys(['mPDL1']),0.9966031577031562,1.0,1.0,0.06680865929043865,1.0,1.0,1.0,1.0,1.0,1.0,2.0,2.0,3.0,1.0,0.6,0.6517861419401112,0.08376385035293121,0.08938595196882776,0.13818402123317286,0.1858658810160803,0.9171965718269348,0.9971678690354571,0,0.3258287641716794,1.0,1.0,1.0,1.0,1.0,1.0,2.0,2.0,2.0,0.08200569035027494,0.08762779196617149,0.1364258612305166,0.17853357236729522,40,mESC,inDelphi
0,1.0,1.0,1.0,1.0,1.4191868305206299,0.9927691356133598,1.0,0.19999999999999998,0.5415138507502129,0.19601030490569404,1.0,1.0,0.0,0.0,0.0,['mPDL1'],[0.99769807],[0.8016877637130804],[],[],dict_keys(['mPDL1']),0.9871450539385054,1.0,1.0,0.08536946209733066,1.0,1.0,0.0,0.0,0.0,1.0,2.0,2.0,2.0,1.0,0.6,0.6978631577988532,0.48758630350198734,0.4885283507819021,0.5309973061221965,0.582389941735936,0.8478397130966187,0.9706780894005189,0,0.29316430669269417,1.0,1.0,1.0,0.0,0.0,1.0,1.0,2.0,2.0,0.47598292797456115,0.4769249752544759,0.5193939305947703,0.5465249628329824,40,mESC,FORECasT
0,1.0,1.0,1.0,1.0,1.1673674583435059,0.9842962529394469,1.0,0.9486832980505138,0.7302967433402215,0.04787253590394336,1.0,1.0,1.0,1.0,1.0,['mGM-sg2'],[1.0],[0.9521274640960566],[],[],dict_keys(['mGM-sg2']),0.9842962533081864,1.0,1.0,0.059109889192773976,1.0,1.0,1.0,1.0,1.0,1.0,1.0,1.0,2.0,1.0,0.5270462766947299,0.6085806194501846,0.27483092132782305,0.3989214542558306,0.4784149781626184,0.536827382309184,0.7147056460380554,0.9951110757316499,0,0.3070661800532518,1.0,1.0,1.0,1.0,1.0,1.0,1.0,2.0,2.0,0.27483092132782305,0.3355456534078234,0.4132347923950875,0.43355738892023515,41,mESC,fewshot
0,0.0,1.0,1.0,1.0,2.2302825450897217,0.9914800553090786,1.0,0.7378647873726218,0.669438681395203,0.13622933776196078,0.0,0.0,0.0,0.0,0.0,['mGM-sg2'],[1.0],[0.8637706622380392],[],[],dict_keys(['mGM-sg2']),0.9914800554892013,0.0,0.0,0.05826750137840448,0.0,0.0,0.0,0.0,0.0,0.0,1.0,1.0,1.0,1.0,0.7378647873726218,0.669438681395203,0.6579566213843759,0.7852466766958945,0.8645502213621512,0.871896190517873,1.7628211975097656,0.9782938000292375,0,0.26744473746573544,0.0,0.0,0.0,0.0,0.0,0.0,0.0,1.0,2.0,0.6579566213843759,0.7464770604161435,0.8180207555997185,0.8736185290763387,41,mESC,pretrained
0,1.0,1.0,1.0,1.0,1.453722596168518,0.988856361429083,1.0,0.7378647873726218,0.629940788348712,0.1797226053548765,1.0,1.0,1.0,0.0,0.0,['mGM-sg2'],[1.0],[0.8202773946451235],[],[],dict_keys(['mGM-sg2']),0.9888563616874171,1.0,1.0,0.061745595653892274,1.0,1.0,1.0,0.0,0.0,1.0,1.0,1.0,1.0,1.0,1.0,0.6929348671835833,0.4773573475603558,0.5964286380659698,0.6757443639227817,0.6757443639227817,0.9253687858581543,0.9964630629031374,0,0.31311533989626145,1.0,1.0,1.0,0.0,0.0,1.0,1.0,2.0,3.0,0.4773573475603558,0.537361317203449,0.5968750165691318,0.6814549786496992,41,mESC,Lindel
0,0.0,1.0,1.0,1.0,2.248527765274048,0.9941188520351776,1.0,0.7378647873726218,0.7013343843696722,0.14129282033826163,0.0,0.0,0.0,0.0,0.0,['mGM-sg2'],[1.0],[0.8587071796617384],[],[],dict_keys(['mGM-sg2']),0.9941188520737608,0.0,,0.061417153546070725,0.0,0.0,0.0,0.0,0.0,0.0,1.0,1.0,1.0,1.0,1.0,0.7745966692414834,0.6516007600267972,0.7725710398969285,0.8521208318109669,0.8521208318109669,1.7128665447235107,0.9790300007610435,0,0.26899315994882766,0.0,0.0,0.0,0.0,0.0,0.0,1.0,1.0,2.0,0.6516007600267972,0.7380969777042918,0.8090734866532302,0.8853678940044106,41,mESC,inDelphi
0,1.0,1.0,1.0,1.0,1.793602705001831,0.9950983197744844,1.0,0.8888888888888888,0.7216878364870322,0.19540229885057459,0.0,0.0,0.0,0.0,0.0,['mGM-sg2'],[1.0],[0.8045977011494254],[],[],dict_keys(['mGM-sg2']),0.9950983197819153,1.0,,0.06486049276327871,0.0,0.0,0.0,0.0,0.0,1.0,1.0,1.0,1.0,1.0,0.7378647873726218,0.6301260378126045,0.6149841271834606,0.7291580003233691,0.8077324973876698,0.8160919540229885,1.4222338199615479,0.9708286298406156,0,0.2857821110649656,0.0,0.0,0.0,0.0,0.0,1.0,1.0,1.0,2.0,0.6149841271834606,0.6790012605114568,0.7429467084639498,0.7857889237199582,41,mESC,FORECasT
0,1.0,1.0,1.0,2.0,0.6614714860916138,0.9896860358457288,1.0,0.6,0.37777777777777777,0.06785113017676614,1.0,1.0,1.0,1.0,1.0,['mCTNNB1'],[0.89537036],[0.9632214943659141],[],[],dict_keys(['mCTNNB1']),0.9904113948893031,1.0,1.0,0.15616888471724794,1.0,1.0,1.0,1.0,1.0,1.0,1.0,1.0,3.0,1.0,0.6,0.4222222222222222,0.21776339407708212,0.27095486669836044,0.3227902023841198,0.35779337723601656,0.3818436861038208,0.9884591027493211,0,0.6340689182690015,1.0,1.0,1.0,1.0,1.0,1.0,1.0,1.0,3.0,0.21857102612895607,0.2859365093046598,0.3391279819259382,0.38667478627151697,42,mESC,fewshot
0,1.0,1.0,1.0,2.0,0.5068186521530151,0.9903915855985771,0.33333333333333337,0.39999999999999997,0.19999999999999998,0.01667222785101785,1.0,1.0,1.0,1.0,1.0,['mCTNNB1'],[0.89537036],[0.8786981363381301],[],[],dict_keys(['mCTNNB1']),0.9915363348015422,1.0,1.0,0.1577383172138683,1.0,1.0,1.0,1.0,1.0,1.0,1.0,1.0,2.0,1.0,0.6,0.3333333333333333,0.05304411049630209,0.10798767375794652,0.15476887037721831,0.20061945981528662,0.19421276450157166,0.991242211917878,0,0.6565422470177762,1.0,1.0,1.0,1.0,1.0,1.0,1.0,1.0,2.0,0.05711759343441292,0.11177911235622912,0.1667226753850429,0.18654882168910492,42,mESC,pretrained
0,1.0,1.0,1.0,2.0,1.3453165292739868,0.9892340986164222,0.33333333333333337,0.39999999999999997,0.19999999999999998,0.01042235986456197,1.0,1.0,1.0,1.0,1.0,['mCTNNB1'],[0.89537036],[0.884948004324586],[],[],dict_keys(['mCTNNB1']),0.9892340976139015,1.0,1.0,0.17762944828203955,1.0,1.0,1.0,1.0,1.0,1.0,1.0,1.0,2.0,0.33333333333333337,0.39999999999999997,0.19999999999999998,0.07958858126901813,0.14576421608681348,0.18327893081096658,0.2217123462139135,1.1480929851531982,0.9889529613768712,0,0.5761749742423027,1.0,1.0,1.0,1.0,1.0,1.0,1.0,1.0,3.0,0.07091782810234992,0.11473805198517617,0.1809136868029715,0.22372529210827946,42,mESC,Lindel
0,1.0,1.0,1.0,2.0,0.48344656825065613,0.991305345330456,0.33333333333333337,0.0,0.22473328748774737,0.030342189332274283,1.0,1.0,1.0,1.0,1.0,['mCTNNB1'],[0.89537036],[0.8650281748568737],[],[],dict_keys(['mCTNNB1']),0.9935781641410572,1.0,1.0,0.19151092187783678,1.0,1.0,1.0,1.0,1.0,1.0,1.0,1.0,3.0,1.0,0.39999999999999997,0.4944132324730442,0.03851567795057942,0.08219774800206955,0.13004220997857888,0.1492159956362161,0.18094158172607422,0.9913240744681308,0,0.6635724871841814,1.0,1.0,1.0,1.0,1.0,1.0,1.0,1.0,2.0,0.02829171551109766,0.08160557686251141,0.12528764691400154,0.1489178676411721,42,mESC,inDelphi
0,1.0,1.0,1.0,2.0,0.6867488622665405,0.9897191946667827,0.33333333333333337,0.31622776601683794,0.15913201254311046,0.07583745548426479,1.0,1.0,1.0,1.0,1.0,['mCTNNB1'],[0.89537036],[0.8195329087048832],[],[],dict_keys(['mCTNNB1']),0.991803730098138,1.0,1.0,0.19012765640245477,1.0,1.0,1.0,1.0,1.0,1.0,1.0,1.0,2.0,1.0,0.6,0.31462660248284624,0.15139995028995934,0.2027135893540392,0.24989037743898423,0.2807417095861817,0.32362934947013855,0.989113926618385,0,0.6441524501147703,1.0,1.0,1.0,1.0,1.0,1.0,1.0,1.0,2.0,0.1418458101625708,0.19740293434035333,0.24871657340443318,0.28215680794032383,42,mESC,FORECasT
0,1.0,2.0,2.0,4.0,0.17304196953773499,0.9961417151462014,1.0,0.7999999999999999,0.7620634755325442,0.025052749545108277,1.0,1.0,1.0,1.0,1.0,['mIL2rg'],[1.0000001],[0.9749473696641813],[],[],dict_keys(['mIL2rg']),0.9951728251752057,1.0,1.0,0.07375318492899487,1.0,1.0,1.0,1.0,1.0,1.0,2.0,2.0,4.0,1.0,0.7999999999999999,0.7620634755325442,0.05965015717915123,0.08440589053290226,0.13856654826445233,0.16453884817847153,0.134296715259552,0.9963741806232355,0,0.43169087358502517,1.0,1.0,1.0,1.0,1.0,1.0,2.0,2.0,4.0,0.05948597544478873,0.08424170879853976,0.12871361638785825,0.1556702373105503,43,mESC,fewshot
0,1.0,2.0,2.0,3.0,0.658345103263855,0.9454681220904078,1.0,0.7999999999999999,0.7620634755325442,0.12694165374455224,0.5,0.5,1.0,1.0,1.0,['mIL2rg'],[1.0000001],[0.8730584654647373],[],[],dict_keys(['mIL2rg']),0.945301178297701,1.0,1.0,0.07327396791389136,0.5,0.5,1.0,1.0,1.0,1.0,2.0,2.0,3.0,1.0,0.7999999999999999,0.7620634755325442,0.09801170655659264,0.3173321176852498,0.37581810753686085,0.38104343788290856,0.5854288339614868,0.9476832852926371,0,0.4144232386416241,0.5,0.5,1.0,1.0,0.0,1.0,2.0,2.0,3.0,0.09666938395197833,0.3159897950806355,0.35603420749025616,0.3699521345988614,43,mESC,pretrained
0,0.0,2.0,2.0,3.0,1.8518643379211426,0.915321127084124,0.33333333333333337,0.6,0.5554700788944518,0.16527999367675894,0.5,0.0,0.0,0.0,0.0,['mIL2rg'],[1.0000001],[0.8347201255325306],[],[],dict_keys(['mIL2rg']),0.9153211261520063,1.0,,0.06403349733123159,0.5,0.0,0.0,0.0,0.0,0.0,2.0,2.0,3.0,0.33333333333333337,0.6,0.5554700788944518,0.3881000470348087,0.457354511979154,0.49419080417720507,0.5644744002017457,1.7523504495620728,0.9386458074345291,0,0.24944390250740256,1.0,0.0,0.0,0.0,0.0,0.0,2.0,2.0,3.0,0.3612048948077652,0.43045935975211047,0.4547901850878614,0.536148449588535,43,mESC,Lindel
0,1.0,1.0,2.0,3.0,0.6895664930343628,0.9373629847241658,1.0,0.6,0.7324670207647144,0.11181220400982095,0.5,0.5,1.0,1.0,1.0,['mIL2rg'],[1.0000001],[0.8881879151994686],[],[],dict_keys(['mIL2rg']),0.9365036058228019,1.0,1.0,0.07919256516364191,0.5,0.5,1.0,1.0,1.0,1.0,1.0,2.0,3.0,1.0,0.6,0.7413457330658614,0.06814364085635116,0.29345516875342686,0.36019561452522275,0.37221938795132237,0.5898924469947815,0.9391381605299017,0,0.40524421513489034,0.5,0.5,1.0,1.0,1.0,1.0,1.0,2.0,3.0,0.06746714392784714,0.29277867182492284,0.3435714377117391,0.3635016053429679,43,mESC,inDelphi
0,0.0,2.0,2.0,3.0,1.100541591644287,0.9168737947710925,0.33333333333333337,0.6,0.760116950066092,0.16821477349205527,0.0,0.0,0.0,0.0,0.0,['mIL2rg'],[1.0000001],[0.8317853457172343],[],[],dict_keys(['mIL2rg']),0.9095984302561851,1.0,,0.08833663174668335,0.0,0.0,0.0,0.0,0.0,0.0,2.0,2.0,3.0,0.33333333333333337,0.6,0.7413457330658614,0.43004570249152285,0.5692171605484297,0.6284515701017248,0.6428680524841515,0.9967484474182129,0.9225290101519783,0,0.42206757194066974,0.0,0.0,0.0,0.0,0.0,1.0,2.0,2.0,3.0,0.42075777679492843,0.5599292348518353,0.5995558012678754,0.6242922010909625,43,mESC,FORECasT
0,1.0,1.0,1.0,1.0,2.999837875366211,0.7304867755068669,1.0,0.9999999999999999,0.3333333333333333,0.1542000427520165,0.5,0.5,1.0,,,['mRag1'],[0.81515515],[0.969355191258181],[],[],dict_keys(['mRag1']),0.9416111036985827,1.0,1.0,0.07192175664195576,1.0,1.0,1.0,,,1.0,2.0,2.0,3.0,1.0,0.9999999999999999,0.4666666666666666,0.07278710291678842,0.09601099246664391,0.17769409810201145,0.3389350891921938,0.9578046202659607,0.9441334773037273,0,0.40128393324387623,1.0,1.0,1.0,,,1.0,2.0,2.0,4.0,0.07333166166166599,0.09655556052474723,0.17823866546162284,0.2820436992622909,44,mESC,fewshot
0,1.0,1.0,1.0,1.0,3.592075824737549,0.7179702069802305,1.0,0.7999999999999999,0.19999999999999998,0.12132011295580014,0.5,0.5,1.0,,,['mRag1'],[0.81515515],[0.9364752614619647],[],[],dict_keys(['mRag1']),0.8532556192165548,1.0,1.0,0.06721557586134191,0.5,0.5,1.0,,,1.0,2.0,2.0,2.0,1.0,0.9999999999999999,0.37777777777777777,0.18151211426551278,0.32396025413198815,0.4253429873009107,0.5863773909172666,0.9855676889419556,0.8573646677507043,0,0.3469434006171013,0.5,0.5,1.0,,,1.0,2.0,2.0,3.0,0.18256467233835544,0.3250128147077602,0.4263955479930981,0.5320144673458763,44,mESC,pretrained
0,1.0,1.0,1.0,1.0,8.540382385253906,0.7213400912587012,0.816496580927726,0.35856858280031806,0.07559289460184544,0.03408168255579558,0.5,0.5,0.0,,,['mRag1'],[0.81515515],[0.8492368310619601],[],[],dict_keys(['mRag1']),0.7213400828097816,1.0,1.0,0.0861068075807381,0.5,0.5,0.0,,,1.0,1.0,1.0,1.0,0.816496580927726,0.35856858280031806,0.07559289460184544,0.053471147684383546,0.3373927596692366,0.4431999959112555,0.6035033095349801,7.859274864196777,0.7325453479172296,0,0.10229729233839341,0.5,0.5,0.0,,,1.0,1.0,1.0,2.0,0.0360633238721369,0.31998493585698995,0.4257921720990088,0.5012520078808276,44,mESC,Lindel
0,1.0,1.0,1.0,1.0,5.041208744049072,0.7135201970201419,1.0,0.7378647873726218,0.167093470609201,0.11437911464866946,0.5,0.5,1.0,,,['mRag1'],[0.81515515],[0.929534263154834],[],[],dict_keys(['mRag1']),0.7804511016498008,1.0,1.0,0.06710486800657166,0.5,0.5,1.0,,,1.0,1.0,2.0,2.0,1.0,0.7378647873726218,0.3103164454170876,0.24044598692070168,0.45352660439777137,0.5593338406397903,0.7204951843711745,2.552640199661255,0.7874865087796068,0,0.26276513239651567,0.5,0.5,1.0,,,1.0,1.0,2.0,3.0,0.24695038476322234,0.46003100224029203,0.5658382384823109,0.6770749696023403,44,mESC,inDelphi
0,1.0,1.0,1.0,1.0,3.610609531402588,0.7308853319893243,1.0,0.9486832980505137,0.35805743701971643,0.0842159206762253,0.5,0.5,0.0,,,['mRag1'],[0.81515515],[0.8993710691823898],[],[],dict_keys(['mRag1']),0.941049158566247,1.0,1.0,0.08054064119889186,1.0,0.5,0.0,,,1.0,2.0,2.0,2.0,1.0,0.9999999999999999,0.48890120703870477,0.04574172688871769,0.09800715438719762,0.19752508245311584,0.3580623145467653,0.8378446102142334,0.9516338819540004,0,0.2732757376923763,1.0,0.5,0.0,,,1.0,2.0,2.0,3.0,0.041548854771317256,0.09381428226979718,0.1933322103357154,0.3117716342043286,44,mESC,FORECasT
0,1.0,1.0,1.0,1.0,0.7566690444946289,0.9137455876271234,1.0,0.39999999999999997,0.06666666666666667,0.09865697900147552,1.0,1.0,1.0,1.0,0.0,['mH2AB1-sg2'],[0.8219543],[0.9206112889418137],[],[],dict_keys(['mH2AB1-sg2']),0.9114853652213779,1.0,1.0,0.12236564765701033,1.0,1.0,1.0,1.0,0.0,1.0,1.0,1.0,2.0,1.0,0.39999999999999997,0.15555555555555553,0.14496509747511044,0.23966812306008686,0.2936883067240031,0.37428936082733655,0.4639042615890503,0.890918748104763,0,0.5183250804400068,1.0,1.0,1.0,0.0,0.0,1.0,1.0,2.0,4.0,0.1440085156278339,0.23554763852718205,0.39240654641848877,0.45735813085708477,45,mESC,fewshot
0,1.0,2.0,2.0,2.0,0.6967648863792419,0.9691055521766522,1.0,0.7999999999999999,0.3333333333333333,0.04500546807776118,1.0,1.0,1.0,1.0,1.0,['mH2AB1-sg2'],[0.8219543],[0.8669597780180993],[],[],dict_keys(['mH2AB1-sg2']),0.9699030497368427,1.0,1.0,0.12047665190488152,1.0,1.0,1.0,1.0,1.0,1.0,2.0,2.0,2.0,1.0,0.7999999999999999,0.37777777777777777,0.11919532699579105,0.1797132457147058,0.22999410032367035,0.32047823076762794,0.43051475286483765,0.9667642165550498,0,0.5225051214112972,1.0,1.0,1.0,1.0,1.0,1.0,2.0,2.0,4.0,0.12055196887416497,0.17718810733702814,0.23451730859774045,0.3288961874193631,45,mESC,pretrained
0,1.0,1.0,2.0,2.0,1.7729618549346924,0.9379376181709674,1.0,0.9999999999999999,0.24444444444444444,0.07482178814027218,1.0,0.0,0.0,0.0,0.0,['mH2AB1-sg2'],[0.8219543],[0.747132521800066],[],[],dict_keys(['mH2AB1-sg2']),0.9379376170459275,1.0,,0.10827601698675207,1.0,0.0,0.0,0.0,0.0,1.0,1.0,2.0,2.0,1.0,0.9999999999999999,0.24444444444444444,0.2948686999538773,0.333947306237954,0.3845884595867888,0.4828750584963117,1.4210643768310547,0.9645012683122866,0,0.36869649113629294,1.0,0.0,0.0,0.0,0.0,1.0,1.0,2.0,3.0,0.28297553075589055,0.31478758726816364,0.3518371496317455,0.40843528908966104,45,mESC,Lindel
0,1.0,2.0,2.0,2.0,0.896756112575531,0.9591755950620818,1.0,0.9999999999999999,0.522862326927363,0.07525344562717307,1.0,1.0,1.0,1.0,1.0,['mH2AB1-sg2'],[0.8219543],[0.8972077555675112],[],[],dict_keys(['mH2AB1-sg2']),0.9603160482795896,1.0,1.0,0.13424339340571034,1.0,1.0,1.0,1.0,1.0,1.0,2.0,2.0,2.0,1.0,0.6,0.6592611948214577,0.2146594077137135,0.28721370088504833,0.3431711437411449,0.4282794860083941,0.619909942150116,0.9505660211903637,0,0.4666708751362118,1.0,1.0,1.0,1.0,1.0,1.0,1.0,2.0,2.0,0.21581827272871867,0.2863932164361574,0.35924538252221244,0.48966041255423925,45,mESC,inDelphi
0,1.0,2.0,2.0,2.0,0.9078536033630371,0.9893831953877023,1.0,0.7999999999999999,0.31462660248284624,0.0680110922747229,1.0,0.0,0.0,0.0,0.0,['mH2AB1-sg2'],[0.8219543],[0.7539432176656152],[],[],dict_keys(['mH2AB1-sg2']),0.9917705399297344,1.0,,0.1431234865472982,1.0,0.0,0.0,0.0,0.0,1.0,2.0,2.0,2.0,1.0,0.6,0.3595732599803958,0.25492629214000834,0.2990184285319969,0.3419770311963634,0.4135057616393542,0.6493570804595947,0.9967504617251369,0,0.5122569875671107,1.0,1.0,0.0,0.0,0.0,1.0,2.0,2.0,3.0,0.2496686685858548,0.2853486072911977,0.3284233264972795,0.398874782032624,45,mESC,FORECasT
